ID,Kata,SukuKata,Sampa,SukuSampa
1,aku,a-ku,VkU,V-k.U
2,yang,yang,jVN,j.V.N
3,tidak,ti-dak,tIdVk,t.I-d.V.k
4,kau,kau,kaU,k.aU
5,dan,dan,dVn,d.V.n
6,di,di,dI,d.I
7,ini,i-ni,InI,I-n.I
8,itu,i-tu,ItU,I-t.U
9,akan,a-kan,VkVn,V-k.V.n
10,dia,dia,dIV,d.I-V
11,apa,a-pa,VpV,V-p.V
12,anda,an-da,VndV,V.n-d.V
13,untuk,un-tuk,UntUk,U.n-t.U.k
14,kita,ki-ta,kItV,k.I-t.V
15,saya,sa-ya,sVjV,s.V-j.V
16,dengan,de-ngan,deNVn,d.e-N.V.n
17,mereka,me-re-ka,m@rekV,m.@-r.e-k.V
18,dari,da-ri,dVrI,d.V-r.I
19,ada,a-da,VdV,V-d.V
20,bisa,bi-sa,bIsV,b.I-s.V
21,tahu,ta-hu,tVhU,t.V-h.U
22,tak,tak,tVk,t.V.k
23,kamu,ka-mu,kVmU,k.V-m.U
24,ke,ke,k@,k.@
25,kami,ka-mi,kVmI,k.V-m.I
26,dalam,da-lam,dVlVm,d.V-l.V.m
27,adalah,a-da-lah,VdVlVh,V-d.V-l.V.h
28,orang,o-rang,QrVN,Q-r.V.N
29,harus,ha-rus,hVrUs,h.V-r.U.s
30,ya,ya,jV,j.V
31,tapi,ta-pi,tVpI,t.V-p.I
32,sudah,su-dah,sUdVh,s.U-d.V.h
33,pada,pa-da,pVdV,p.V-d.V
34,baik,ba-ik,baIk,b.aI.k
35,seperti,se-per-ti,s@pertI,s.@-p.e.r-t.I
36,pergi,per-gi,pergI,p.e.r-g.I
37,hanya,ha-nya,hVnYV,h.V-n.Y.V
38,saja,sa-ja,sVdZV,s.V-dZ.V
39,sini,si-ni,sInI,s.I-n.I
40,ingin,i-ngin,INIn,I-N.I.n
41,semua,se-mua,s@mUV,s.@-m.U-V
42,sekarang,se-ka-rang,s@kVrVN,s.@-k.V-r.V.N
43,jika,ji-ka,dZIkV,dZ.I-k.V
44,lebih,le-bih,lebIh,l.e-b.I.h
45,satu,sa-tu,sVtU,s.V-t.U
46,oh,oh,Qh,Q.h
47,jadi,ja-di,dZVdI,dZ.V-d.I
48,apakah,a-pa-kah,VpVkVh,V-p.V-k.V.h
49,bukan,bu-kan,bUkVn,b.U-k.V.n
50,telah,te-lah,t@lVh,t.@-l.V.h
51,punya,pu-nya,pUnYV,p.U-nY.V
52,karena,ka-re-na,kVrenV,k.V-r.e-n.V
53,jangan,ja-ngan,dZVNVn,dZ.V-N.V.n
54,lagi,la-gi,lVgI,l.V-g.I
55,juga,ju-ga,dZUgV,dZ.U-g.V
56,benar,be-nar,b@nVr,b.@-n.V.r
57,hal,hal,hVl,h.V.l
58,mungkin,mung-kin,mUNkIn,m.U.N-k.I.n
59,sangat,sa-ngat,sVNVt,s.V-N.V.t
60,atau,a-tau,VtaU,V-t.a.U
61,bahwa,bah-wa,bVhwV,b.V.h-w.V
62,menjadi,men-ja-di,m@ndZVdI,m.@.n-dZ.V-d.I
63,hari,ha-ri,hVrI,h.V-r.I
64,pernah,per-nah,pernVh,p.e.r-n.V.h
65,kembali,kem-ba-li,k@mbVlI,k.@.m-b.V-l.I
66,dapat,da-pat,dVpVt,d.V-p.V.t
67,ayo,a-yo,VjQ,V-j.Q
68,banyak,ba-nyak,bVnYVk,b.V-nY.V.k
69,saat,sa-at,sV_Vt,s.V-_.V.t
70,melihat,me-li-hat,m@lIhVt,m.@-l.I-h.V.t
71,datang,da-tang,dVtVN,d.V-t.V.N
72,tahun,ta-hun,tVhUn,t.V-h.U.n
73,lihat,li-hat,lIhVt,l.I-h.V.t
74,mau,mau,maU,m.a.U
75,anak,a-nak,VnVk,V-n.V.k
76,siapa,si-a-pa,sIVpV,s.I-V-p.V
77,kalian,ka-li-an,kVlIVn,k.V-l.I-V.n
78,terjadi,ter-ja-di,t@rdZVdI,t.@.r-dZ.V-d.I
79,tentang,ten-tang,tentVN,t.e.n-t.V.N
80,ia,ia,IV,I-V
81,seorang,se-o-rang,s@QrVN,s.@-Q-r.V.N
82,masih,ma-sih,mVsIh,m.V-s.I.h
83,lain,la-in,laIn,l.a-I.n
84,kasih,ka-sih,kVsIh,k.V-s.I.h
85,begitu,be-gi-tu,b@gItU,b.@-g.I-t.U
86,keluar,ke-lu-ar,k@lUVr,k.@-l.U-V.r
87,waktu,wak-tu,wVktU,w.V.k-t.U
88,terima,te-ri-ma,t@rImV,t.@-r.I-m.V
89,bagus,ba-gus,bVgUs,b.V-g.U.s
90,baru,ba-ru,bVrU,b.V-r.U
91,mana,ma-na,mVnV,m.V-n.V
92,sana,sa-na,sVnV,s.V-n.V
93,membuat,mem-bu-at,m@mbUVt,m.@.m-b.U-V.t
94,sebuah,se-bu-ah,s@bUVh,s.@-b.U-V.h
95,besar,be-sar,besVr,b.e-s.V.r
96,tempat,tem-pat,tempVt,t.e.m-p.V.t
97,malam,ma-lam,mVlVm,m.V-l.V.m
98,lalu,la-lu,lVlU,l.V-l.U
99,oke,o-ke,Qk@,Q-k.@
100,dua,du-a,dUV,d.U-V
101,oleh,o-leh,Ql@h,Q-l.@.h
102,sampai,sam-pai,sVmpaI,s.V.m-p.a.I
103,sebagai,se-ba-gai,s@bVgaI,s.@-b.V-g.a.I
104,sendiri,sen-di-ri,s@ndIrI,s.@.n-d.I-r.I
105,sama,sa-ma,sVmV,s.V-m.V
106,kalau,ka-lau,kVlaU,k.V-l.a.U
107,mati,ma-ti,mVtI,m.V-t.I
108,ketika,ke-ti-ka,k@tIkV,k.@-t.I-k.V
109,mengapa,me-nga-pa,m@NVpV,m.@-N.V-p.V
110,sedang,se-dang,sedVN,s.e-d.V.N
111,bilang,bi-lang,bIlVN,b.I-l.V.N
112,salah,sa-lah,sVlVh,s.V-l.V.h
113,rumah,ru-mah,rUmVh,r.U-m.V.h
114,maaf,ma-af,mV_Vf,m.V-_.V.f
115,tersebut,ter-se-but,t@rsebUt,t.@.r-s.e-b.U.t
116,kenapa,ke-na-pa,k@nVpV,k.@-n.V-p.V
117,hidup,hi-dup,hIdUp,h.I-d.U.p
118,jalan,ja-lan,dZVlVn,dZ.V-l.V.n
119,pikir,pi-kir,pIkIr,p.I-k.I.r
120,masuk,ma-suk,mVsUk,m.V-s.U.k
121,belum,be-lum,belUm,b.e-l.U.m
122,tuhan,tu-han,tUhVn,t.U-h.V.n
123,sekali,se-ka-li,s@kVlI,s.@-k.V-l.I
124,tunggu,tung-gu,tUNgU,t.U.N-g.U
125,perlu,per-lu,perlU,p.e.r-l.U
126,kepada,ke-pa-da,k@pVdV,k.@-p.V-d.V
127,atas,a-tas,VtVs,V-t.V.s
128,cepat,ce-pat,tSepVt,tS.e-p.V.t
129,setelah,se-te-lah,s@telVh,s.@-t.e-l.V.h
130,kata,ka-ta,kVtV,k.V-t.V
131,masalah,ma-sa-lah,mVsVlVh,m.V-s.V-l.V.h
132,cukup,cu-kup,tSUkUp,tS.U-k.U.p
133,para,pa-ra,pVrV,p.V-r.V
134,selamat,se-la-mat,s@lVmVt,s.@-l.V-m.V.t
135,berada,be-ra-da,b@rVdV,b.@-r.V-d.V
136,dengar,de-ngar,deNVr,d.e-N.V.r
137,setiap,se-ti-ap,s@tIVp,s.@-t.I-V.p
138,dunia,du-nia,dUnIV,d.U-n.I.V
139,tetap,te-tap,tetVp,t.e-t.V.p
140,selalu,se-la-lu,s@lVlU,s.@-l.V-l.U
141,bahkan,bah-kan,bVhkVn,b.V.h-k.V.n
142,tentu,ten-tu,tentU,t.e.n-t.U
143,ayah,a-yah,VjVh,V-j.V.h
144,sedikit,se-di-kit,s@dIkIt,s.@-d.I-k.I.t
145,padaku,pa-da-ku,pVdVkU,p.V-d.V-k.U
146,selama,se-la-ma,s@lVmV,s.@-l.V-m.V
147,mari,ma-ri,mVrI,m.V-r.I
148,pertama,per-ta-ma,p@rtVmV,p.@.r-t.V-m.V
149,disini,di-si-ni,dIsInI,d.I-s.I-n.I
150,kali,ka-li,kVlI,k.V-l.I
151,kecil,ke-cil,ketSIl,k.e-tS.I.l
152,suka,su-ka,sUkV,s.U-k.V
153,kan,kan,kVn,k.V.n
154,mulai,mu-lai,mUlaI,m.U-l.a.I
155,tinggal,ting-gal,tINgVl,t.I.N-g.V.l
156,bicara,bi-ca-ra,bItSVrV,b.I-tS.V-r.V
157,dimana,di-ma-na,dImVnV,d.I-m.V-n.V
158,luar,lu-ar,lUVr,l.U-V.r
159,lama,la-ma,lVmV,l.V-m.V
160,diri,di-ri,dIrI,d.I-r.I
161,teman,te-man,temVn,t.e.m-V.n
162,pak,pak,pVk,p.V.k
163,mengerti,me-nger-ti,m@NertI,m.@-N.e.r-t.I
164,kota,ko-ta,kQtV,k.Q-t.V
165,bagi,ba-gi,bVgI,b.V-g.I
166,terlalu,ter-la-lu,t@rlVlU,t.@.r-l.V-l.U
167,bekerja,be-ker-ja,b@kerdZV,b.@-k.e.r-dZ.V
168,sayang,sa-yang,sVjVN,s.V-j.V.N
169,berpikir,ber-pi-kir,b@rpIkIr,b.@.r-p.I-k.I.r
170,pasti,pas-ti,pVstI,p.V.s-t.I
171,pun,pun,pUn,p.U.n
172,bersama,ber-sa-ma,b@rsVmV,b.@.r-s.V-m.V
173,mengambil,meng-am-bil,m@NVmbIl,m.@.N-V.m-b.I.l
174,percaya,per-ca-ya,p@rtSVjV,p.@.r-tS.V-j.V
175,makan,ma-kan,mVkVn,m.V-k.V.n
176,cara,ca-ra,tSVrV,tS.V-r.V
177,uang,u-ang,UVN,U-V.N
178,tiga,ti-ga,tIgV,t.I-g.V
179,wanita,wa-ni-ta,wVnItV,w.V-n.I-t.V
180,sebelum,se-be-lum,s@belUm,s.@-b.e-l.U.m
181,tetapi,te-ta-pi,t@tVpI,t.@-t.V-p.I
182,ibu,i-bu,IbU,I-b.U
183,berhenti,ber-hen-ti,b@rhentI,b.@.r-h.e.n-t.I
184,tolong,to-long,tQlQN,t.Q-l.Q.N
185,terus,te-rus,terUs,t.e-r.U.s
186,siap,si-ap,sIVp,s.I-V.p
187,secara,se-ca-ra,s@tSVrV,s.@-tS.V-r.V
188,jam,jam,dZVm,dZ.V.m
189,pria,pria,prIV,p.r.I.V
190,yakin,ya-kin,jVkIn,j.V-k.I.n
191,mobil,mo-bil,mQbIl,m.Q-b.I.l
192,senang,se-nang,senVN,s.e-n.V.N
193,merasa,me-ra-sa,m@rVsV,m.@-r.V-s.V
194,bertemu,ber-te-mu,b@rtemU,b.@.r-t.e-m.U
195,depan,de-pan,depVn,d.e-p.V.n
196,negara,ne-ga-ra,n@gVrV,n.@-g.V-r.V
197,tanpa,tan-pa,tVnpV,t.V.n-p.V
198,membawa,mem-ba-wa,m@mbVwV,m.@.m-b.V-w.V
199,polisi,po-li-si,pQlIsI,p.Q-l.I-s.I
200,namun,na-mun,nVmUn,n.V-m.U.n
201,tuan,tu-an,tUVn,t.U-V.n
202,air,a-ir,aIr,a-I.r
203,gadis,ga-dis,gVdIs,g.V-d.I.s
204,sekitar,se-ki-tar,s@kItVr,s.@-k.I-t.V.r
205,padamu,pa-da-mu,pVdVmU,p.V-d.V-m.U
206,nama,na-ma,nVmV,n.V-m.V
207,mencoba,men-co-ba,m@ntSQbV,m.@.n-tS.Q-b.V
208,membunuh,mem-bu-nuh,m@mbUnUh,m.@.m-b.U-n.U.h
209,buruk,bu-ruk,bUrUk,b.U-r.U.k
210,mencari,men-ca-ri,m@ntSVrI,m.@.n-tS.V-r.I
211,sial,si-al,sIVl,s.I-V.l
212,memang,me-mang,memVN,m.e-m.V.N
213,bawah,ba-wah,bVwVh,b.V-w.V.h
214,bagian,ba-gi-an,bVgIVn,b.V-g.I-V.n
215,segera,se-ge-ra,s@gerV,s.@-g.e-r.V
216,boleh,bo-leh,bQl@h,b.Q-l.@.h
217,terakhir,ter-a-khir,t@rVhIr,t.@.r-V-h.I.r
218,kepala,ke-pa-la,k@pVlV,k.@-p.V-l.V
219,ingat,i-ngat,INVt,I-N.V.t
220,sakit,sa-kit,sVkIt,s.V-k.I.t
221,bulan,bu-lan,bUlVn,b.U-l.V.n
222,tidur,ti-dur,tIdUr,t.I-d.U.r
223,berapa,be-ra-pa,b@rVpV,b.@-r.V-p.V
224,antara,an-ta-ra,VntVrV,V.n-t.V-r.V
225,hati,ha-ti,hVtI,h.V-t.I
226,sialan,si-al-an,sIVlVn,s.I-V-l.V.n
227,suatu,su-a-tu,sUVtU,s.U-V-t.U
228,membantu,mem-ban-tu,m@mbVntU,m.@.m-b.V.n-t.U
229,paling,pa-ling,pVlIN,p.V-l.I.N
230,menit,me-nit,menIt,m.e-n.I.t
231,tim,tim,tIm,t.I.m
232,jauh,ja-uh,dZaUh,dZ.a-U.h
233,seluruh,se-lu-ruh,s@lUrUh,s.@-l.U-r.U.h
234,butuh,bu-tuh,bUtUh,b.U-t.U.h
235,berhasil,ber-ha-sil,b@rhVsIl,b.@.r-h.V-s.I.l
236,rasa,ra-sa,rVsV,r.V-s.V
237,ku,ku,kU,k.U
238,halo,ha-lo,hVlQ,h.V-l.Q
239,takut,ta-kut,tVkUt,t.V-k.U.t
240,mendengar,men-de-ngar,m@ndeNVr,m.@.n-d.e-N.V.r
241,tangan,ta-ngan,tVNVn,t.V-N.V.n
242,biasa,bi-a-sa,bIVsV,b.I-V-s.V
243,gila,gi-la,gIlV,g.I-l.V
244,dulu,du-lu,dUlU,d.U-l.U
245,kedua,ke-du-a,k@dUV,k.@-d.U-V
246,ambil,am-bil,VmbIl,V.m-b.I.l
247,menunggu,me-nung-gu,m@nUNgU,m.@-n.U.N-g.U
248,bergerak,ber-ge-rak,b@rgerVk,b.@.r-g.e-r.V.k
249,pagi,pa-gi,pVgI,p.V-g.I
250,tepat,te-pat,tepVt,t.e-p.V.t
251,agar,a-gar,VgVr,V-g.V.r
252,menurut,me-nu-rut,m@nUrUt,m.@-n.U-r.U.t
253,sejak,se-jak,sedZVk,s.e-dZ.V.k
254,cinta,cin-ta,tSIntV,tS.I.n-t.V
255,masa,ma-sa,mVsV,m.V-s.V
256,tua,tua,tUV,t.U.V
257,itulah,i-tu-lah,ItUlVh,I-t.U-l.V.h
258,maka,ma-ka,mVkV,m.V-k.V
259,hebat,he-bat,hebVt,h.e-b.V.t
260,sekolah,se-ko-lah,s@kQlVh,s.@-k.Q-l.V.h
261,hingga,hing-ga,hINgV,h.I.N-g.V
262,sehingga,se-hing-ga,s@hINgV,s.@-h.I.N-g.V
263,minta,min-ta,mIntV,m.I.n-t.V
264,bawa,ba-wa,bVwV,b.V-w.V
265,terhadap,ter-ha-dap,t@rhVdVp,t.@.r-h.V-d.V.p
266,terlihat,ter-li-hat,t@rlIhVt,t.@.r-l.I-h.V.t
267,berjalan,ber-ja-lan,b@rdZVlVn,b.@.r-dZ.V-l.V.n
268,nanti,nan-ti,nVntI,n.V.n-t.I
269,sungguh,sung-guh,sUNgUh,s.U.N-g.U.h
270,penting,pen-ting,pentIN,p.e.n-t.I.N
271,bodoh,bo-doh,bQdQh,b.Q-d.Q.h
272,daerah,da-e-rah,dVerVh,d.V-e-r.V.h
273,duduk,du-duk,dUdUk,d.U-d.U.k
274,ikut,i-kut,IkUt,I-k.U.t
275,tinggi,ting-gi,tINgI,t.I.N-g.I
276,suara,su-a-ra,sUVrV,s.U-V-r.V
277,sebentar,se-ben-tar,s@b@ntVr,s.@-b.@.n-t.V.r
278,terbaik,ter-ba-ik,terbaIk,t.e.r-b.a-I.k
279,pintu,pin-tu,pIntU,p.I.n-t.U
280,tenang,te-nang,tenVN,t.e-n.V.N
281,bermain,ber-ma-in,bermaIn,b.e.r-m.a-I.n
282,dapat,da-pat,dVpVt,d.V-p.V.t
283,kan,kan,kVn,k.V.n
284,mata,ma-ta,mVtV,m.V-t.V
285,no,no,nQ,n.Q
286,selesai,se-le-sai,s@lesaI,s.@-l.e-s.a.I
287,minggu,ming-gu,mINgU,m.I.N-g.U
288,dekat,de-kat,dekVt,d.e-k.V.t
289,coba,co-ba,tSQbV,tS.Q-b.V
290,jelas,je-las,dZelVs,dZ.e-l.V.s
291,cuma,cu-ma,tSUmV,tS.U-m.V
292,hampir,ham-pir,hVmpIr,h.V.m-p.I.r
293,senjata,sen-ja-ta,s@ndZVtV,s.@.n-dZ.V-t.V
294,turun,tu-run,tUrUn,t.U-r.U.n
295,kerja,ker-ja,kerdZV,k.e.r-dZ.V
296,laki,la-ki,lVkI,l.V-k.I
297,lima,li-ma,lImV,l.I-m.V
298,mendapat,men-da-pat,m@ndVpVt,m.@.n-d.V-p.V.t
299,langsung,lang-sung,lVNsUN,l.V.N-s.U.N
300,hai,hai,haI,h.a.I
301,kasus,ka-sus,kVsUs,k.V-s.U.s
302,memberi,mem-be-ri,m@mberI,m.@.m-b.e-r.I
303,akhirnya,a-khir-nya,VhIrnYV,V-h.I.r-nY.V
304,berarti,ber-ar-ti,b@rVrtI,b.@.r-V.r-t.I
305,aneh,a-neh,Vn@h,V-n.@.h
306,berkata,ber-ka-ta,b@rkVtV,b.@.r-k.V-t.V
307,jatuh,ja-tuh,dZVtUh,dZ.V-t.U.h
308,presiden,pre-si-den,pr@sId@n,p.r.@-s.I-d.@.n
309,naik,na-ik,naIk,n.a-I.k
310,buku,bu-ku,bUkU,b.U-k.U
311,akhir,a-khir,VhIr,V-h.I.r
312,diam,di-am,dIVm,d.I-V.m
313,mudah,mu-dah,mUdVh,m.U-d.V.h
314,besok,be-sok,besQk,b.e-s.Q.k
315,kapal,ka-pal,kVpVl,k.V-p.V.l
316,juta,ju-ta,dZUtV,dZ.U-t.V
317,selain,se-la-in,selaIn,s.e-l.a-I.n
318,buat,bu-at,bUVt,b.U-V.t
319,tadi,ta-di,tVdI,t.V-d.I
320,sir,sir,sIr,s.I.r
321,meminta,me-min-ta,m@mIntV,m.@-m.I.n-t.V
322,menarik,me-na-rik,m@nVrIk,m.@-n.V-r.I.k
323,tanah,ta-nah,tVnVh,t.V-n.V.h
324,berharap,ber-ha-rap,b@rhVrVp,b.@.r-h.V-r.V.p
325,warga,war-ga,wVrgV,w.V.r-g.V
326,aman,a-man,VmVn,V-m.V.n
327,maafkan,ma-af-kan,mV_VfkVn,m.V-_.V.f-k.V.n
328,peduli,pe-du-li,p@dUlI,p.@-d.U-l.I
329,satunya,sa-tu-nya,sVtUnYV,s.V-t.U-n.Y.V
330,tiba,ti-ba,tIbV,t.I-b.V
331,empat,em-pat,@mpVt,@.m-p.V.t
332,nak,nak,nVk,n.V.k
333,sulit,su-lit,sUlIt,s.U-l.I.t
334,keras,ke-ras,kerVs,k.e-r.V.s
335,hukum,hu-kum,hUkUm,h.U-k.U.m
336,bisakah,bi-sa-kah,bIsVkVh,b.I-s.V-k.V.h
337,minum,mi-num,mInUm,m.I-n.U.m
338,perang,pe-rang,p@rVN,p.@-r.V.N
339,kaki,ka-ki,kVkI,k.V-k.I
340,si,si,sI,s.I
341,belakang,be-la-kang,b@lVkVN,b.@-l.V-k.V.N
342,bantuan,ban-tu-an,bVntUVn,b.V.n-t.U-V.n
343,tengah,te-ngah,teNVh,t.e-N.V.h
344,khawatir,kha-wa-tir,hVwVtIr,h.V-w.V-.tI.r
345,ruang,ru-ang,rUVN,r.U-V.N
346,film,film,fIlm,f.I.l.m
347,pesawat,pe-sa-wat,p@sVwVt,p.@-s.V-w.V.t
348,indah,in-dah,IndVh,I.n-d.V.h
349,berdua,ber-du-a,b@rdUV,b.@.r-d.U-V
350,nah,nah,nVh,n.V.h
351,ah,ah,Vh,V.h
352,muda,mu-da,mUdV,m.U-d.V
353,dokter,dok-ter,dQkt@r,d.Q.k-t.@.r
354,kuat,ku-at,kUVt,k.U-V.t
355,berbeda,ber-be-da,b@rbedV,b.@.r-b.e-d.V
356,nomor,no-mor,nQmQr,n.Q-m.Q.r
357,makanan,ma-kan-an,mVkVnVn,m.V-k.V-n.V.n
358,kapten,kap-ten,kVpt@n,k.V.p-t.@.n
359,anjing,an-jing,VndZIN,V.n-dZ.I.N
360,kapan,ka-pan,kVpVn,k.V-p.V.n
361,api,a-pi,VpI,V-p.I
362,cantik,can-tik,tSVntIk,tS.V.n-t.I.k
363,pihak,pi-hak,pIhVk,p.I-h.V.k
364,bumi,bu-mi,bUmI,b.U-m.I
365,anggota,ang-go-ta,VNgQtV,V.N-g.Q-t.V
366,menuju,me-nu-ju,m@nUdZU,m.@-n.U-dZ.U
367,cari,ca-ri,tSVrI,tS.V-r.I
368,barang,ba-rang,bVrVN,b.V-r.V.N
369,berakhir,ber-a-khir,b@rVhIr,b.@.r-V-h.I.r
370,mencapai,men-ca-pai,m@ntSVpaI,m.@.n-tS.V-p.a.I
371,alasan,a-la-san,VlVsVn,V-l.V-s.V.n
372,penuh,pe-nuh,penUh,p.e-n.U.h
373,semakin,se-ma-kin,s@mVkIn,s.@-m.V-k.I.n
374,kawan,ka-wan,kVwVn,k.V-w.V.n
375,bila,bi-la,bIlV,b.I-l.V
376,rencana,ren-ca-na,r@ntSVnV,r.@.n-tS.V-n.V
377,harga,har-ga,hVrgV,h.V.r-g.V
378,raja,ra-ja,rVdZV,r.V-dZ.V
379,laut,la-ut,laUt,l.a-U.t
380,dari,da-ri,dVrI,d.V-r.I
381,pada,pa-da,pVdV,p.V-d.V
382,bangun,ba-ngin,bVNUn,b.V-N.U.n
383,persen,per-sen,pers@n,p.e.r-s.@.n
384,silakan,si-la-kan,sIlVkVn,s.I-l.V-k.V.n
385,lari,la-ri,lVrI,l.V-r.I
386,mu,mu,mU,m.U
387,belajar,bel-a-jar,b@lVdZVr,b.@.l-V-dZ.V.r
388,bunuh,bu-nuh,bUnUh,b.U-n.U.h
389,kosong,ko-song,kQsQN,k.Q-s.Q.N
390,bank,bank,bVnk,b.V.n.k
391,kamar,ka-mar,kVmVr,k.V.m.V.r
392,serius,se-ri-us,s@rIUs,s.@-r.I-U.s
393,korban,kor-ban,kQrbVn,k.Q.r-b.V.n
394,hasil,ha-sil,hVsIl,h.V-s.I.l
395,serta,ser-ta,sertV,s.e.r-t.V
396,sepanjang,se-pan-jang,s@pVndZVN,s.@-p.V.n-dZ.V.N
397,maksudmu,mak-sud-mu,mVksUdmU,m.V.k-s.U.d-m.U
398,lewat,le-wat,lewVt,l.e-w.V.t
399,beri,be-ri,berI,b.e-r.I
400,surat,su-rat,sUrVt,s.U-r.V.t
401,berubah,ber-u-bah,b@rUbVh,b.@.r-U-b.V.h
402,mengenai,me-nge-nai,m@NenaI,m.@-N.e-n.a.I
403,musim,mu-sim,mUsIm,m.U-s.I.m
404,telepon,te-le-pon,t@lepQn,t.@-l.e-p.Q.n
405,darah,da-rah,dVrVh,d.V-r.V.h
406,kabar,ka-bar,kVbVr,k.V-b.V.r
407,berdiri,ber-di-ri,b@rdIrI,b.@.r-d.I-r.I
408,demi,de-mi,demI,d.e-m.I
409,pemain,pe-ma-in,pemaIn,p.e-m.a-I.n
410,kantor,kan-tor,kVntQr,k.V.n-t.Q.r
411,awal,a-wal,VwVl,V-w.V.l
412,meninggal,me-ning-gal,m@nINgVl,m.@-n.I.N-g.V.l
413,cerita,ce-ri-ta,tS@rItV,tS.@-r.I-t.V
414,ketua,ke-tua,k@tUV,k.@-t.U-V
415,negeri,ne-ge-ri,n@gerI,n.@-g.e-r.I
416,panas,pa-nas,pVnVs,p.V-n.V.s
417,melawan,me-la-wan,m@lVwVn,m.@-l.V-w.V.n
418,kemari,ke-ma-ri,k@mVrI,k.@-m.V-r.I
419,hilang,hi-lang,hIlVN,h.I-l.V.N
420,sistem,sis-tem,sIst@m,s.I.s-t.@.m
421,tampak,tam-pak,tVmpVk,t.V.m-p.V.k
422,bertanya,ber-ta-nya,b@rtVnYV,b.@.r-t.V-nY.V
423,mampu,mam-pu,mVmpU,m.V.m-p.U
424,buka,bu-ka,bUkV,b.U-k.V
425,jumlah,jum-lah,dZUmlVh,dZ.U.m-l.V.h
426,bahasa,ba-ha-sa,bVhVsV,b.V-h.V-s.V
427,ide,i-de,Id@,I-d.@
428,mempunyai,mem-pu-nyai,m@mpUnYaI,m.@.m-p.U-nY.aI
429,bisnis,bis-nis,bIsnIs,b.I.s-n.I.s
430,soal,so-al,sQVl,s.Q-V.l
431,eh,eh,@h,@.h
432,kematian,ke-ma-ti-an,k@mVtIVn,k.@-m.V-t.I-V.n
433,mesin,me-sin,mesIn,m.e-s.I.n
434,bayi,ba-yi,bVjI,b.V-j.I
435,menang,me-nang,menVN,m.e-n.V.N
436,utama,u-ta-ma,UtVmV,U-t.V-m.V
437,umum,u-mum,UmUm,U-m.U.m
438,lupa,lu-pa,lUpV,l.U-p.V
439,bola,bo-la,bQlV,b.Q-l.V
440,sejumlah,se-jum-lah,s@dZUmlVh,s.@-dZ.U.m-l.V.h
441,bajingan,ba-jing-an,bVdZINVn,b.V-dZ.I.N-V.n
442,bintang,bin-tang,bIntVN,b.I.n-t.V.N
443,menikah,me-ni-kah,m@nIkVh,m.@-n.I-k.V.h
444,pasukan,pa-su-kan,pVsUkVn,p.V-s.U-k.V.n
445,terbang,ter-bang,terbVN,t.e.r-b.V.N
446,enam,e-nam,@nVm,@-n.V.m
447,dasar,da-sar,dVsVr,d.V-s.V.r
448,bung,bung,bUN,b.U.N
449,kira,ki-ra,kIrV,k.I-r.V
450,menembak,me-nem-bak,m@nembVk,m.@-n.e.m-b.V.k
451,bukankah,bu-kan-kah,bUkVnkVh,b.U-k.V.n-k.V.h
452,memilih,me-mi-lih,m@mIlIh,m.@-m.I-l.I.h
453,posisi,po-si-si,pQsIsI,p.Q-s.I-s.I
454,kini,ki-ni,kInI,k.I-n.I
455,pusat,pu-sat,pUsVt,p.U-s.V.t
456,lucu,lu-cu,lUtSU,l.U-tS.U
457,mundur,mun-dur,mUndUr,m.U.n-d.U.r
458,biar,bi-ar,bIVr,b.I-V.r
459,silahkan,si-lah-kan,sIlVhkVn,s.I-l.V.h-k.V.n
460,partai,par-tai,pVrtaI,p.V.r-t.a.I
461,muncul,mun-cul,mUntSUl,m.U.n-tS.U.l
462,masing,ma-sing,mVsIN,m.V-s.I.N
463,sisi,si-si,sIsI,s.I-s.I
464,kereta,ke-re-ta,k@retV,k.@-r.e-t.V
465,kurang,ku-rang,kUrVN,k.U-r.V.N
466,pasar,pa-sar,pVsVr,p.V-s.V.r
467,tanda,tan-da,tVndV,t.V.n-d.V
468,nyata,nya-ta,nYVtV,nY.V-t.V
469,guru,gu-ru,gUrU,g.U-r.U
470,saudara,sau-da-ra,saUdVrV,s.aU-d.V-r.V
471,menjaga,men-ja-ga,m@ndZVgV,m.@.n-dZ.V-g.V
472,selatan,se-la-tan,s@lVtVn,s.@-l.V-t.V.n
473,dingin,di-ngin,dINIn,d.I-N.I.n
474,pilihan,pi-lih-an,pIlIhVn,p.I-l.I-h.V.n
475,omong,o-mong,QmQN,Q-m.Q.N
476,pikirkan,pi-kir-kan,pIkIrkVn,p.I-k.I.r-k.V.n
477,per,per,p@r,p.@.r
478,planet,pla-net,plVn@t,p.l.V-n.@.t
479,pukul,pu-kul,pUkUl,p.U-k.U.l
480,kemarin,ke-ma-rin,k@mVrIn,k.@-m.V-r.I.n
481,permisi,per-mi-si,p@rmIsI,p.@.r-m.I-s.I
482,sering,se-ring,serIN,s.e-r.I.N
483,desa,de-sa,desV,d.e-s.V
484,berbagai,ber-ba-gai,b@rbVgaI,b.@.r-b.V-g.a.I
485,pesan,pe-san,pesVn,p.e-s.V.n
486,kondisi,kon-di-si,kQndIsI,k.Q.n-d.I-s.I
487,dolar,do-lar,dQlVr,d.Q-l.V.r
488,hak,hak,hVk,h.V.k
489,jenis,je-nis,dZenIs,dZ.e-n.I.s
490,bertahan,ber-ta-han,b@rtVhVn,b.@.r-t.V-h.V.n
491,termasuk,ter-ma-suk,t@rmVsUk,t.@.r-m.V-s.U.k
492,tutup,tu-tup,tUtUp,t.U-t.U.p
493,marah,ma-rah,mVrVh,m.V-r.V.h
494,barat,ba-rat,bVrVt,b.V-r.V.t
495,membaca,mem-ba-ca,m@mbVtSV,m.@.m-b.V-tS.V
496,sesuai,se-su-ai,s@sU_aI,s.@-s.U-_aI
497,utara,u-ta-ra,UtVrV,U-t.V-r.V
498,membayar,mem-ba-yar,m@mbVjVr,m.@.m-b.V-j.V.r
499,kelas,ke-las,kelVs,k.e-l.V.s
500,terlambat,ter-lam-bat,t@rlVmbVt,t.@.r-l.V.m-b.V.t
501,kanan,ka-nan,kVnVn,k.V-n.V.n
502,khusus,khu-sus,hUsUs,h.U-s.U.s
503,tugas,tu-gas,tUgVs,t.U-g.V.s
504,udara,u-da-ra,UdVrV,U-d.V-r.V
505,segala,se-ga-la,s@gVlV,s.@-g.V-l.V
506,tahan,ta-han,tVhVn,t.V-h.V.n
507,jawab,ja-wab,dZVwVb,dZ.V-w.V.b
508,perintah,pe-rin-tah,p@rIntVh,p.@-r.I.n-t.V.h
509,dana,da-na,dVnV,d.V-n.V
510,panjang,pan-jang,pVndZVN,p.V.n-dZ.V.N
511,timur,ti-mur,tImUr,t.I-m.U.r
512,bahagia,ba-ha-gia,bVhVgIV,b.V-h.V-g.I.V
513,setengah,se-te-ngah,s@teNVh,s.@-t.e-N.V.h
514,berat,be-rat,berVt,b.e-r.V.t
515,sempurna,sem-pur-na,s@mpUrnV,s.@.m-p.U.r-n.V
516,tampaknya,tam-pak-nya,tVmpVknYV,t.V.m-p.V.k-nY.V
517,petugas,pe-tu-gas,p@tUgVs,p.@-t.U-g.V.s
518,acara,a-ca-ra,VtSVrV,V-tS.V-r.V
519,istri,is-tri,IstrI,I.s-t.r.I
520,wilayah,wi-la-yah,wIlVjVh,w.I-l.V-j.V.h
521,serangan,se-rang-an,s@rVNVn,s.@-r.V.N-V.n
522,penjara,pen-ja-ra,p@ndZVrV,p.@.n-dZ.V-r.V
523,arah,a-rah,VrVh,V-r.V.h
524,rasanya,ra-sa-nya,rVsVnYV,r.V-s.V-nY.V
525,pesta,pes-ta,pestV,p.e.s-t.V
526,menyesal,me-nye-sal,m@nYesVl,m.@-nY.e-s.V.l
527,berita,be-ri-ta,b@rItV,b.@-r.I-t.V
528,menteri,men-te-ri,m@nterI,m.@.n-t.e-r.I
529,semacam,se-ma-cam,s@mVtSVm,s.@-m.V-tS.V.m
530,ikan,i-kan,IkVn,I-k.V.n
531,merah,ma-rah,merVh,m.e-r.V.h
532,agak,a-gak,VgVk,V-g.V.k
533,membeli,mem-be-li,m@mbelI,m.@.m-b.e-l.I
534,tubuh,tu-buh,tUbUh,t.U-b.U.h
535,miliar,mi-li-ar,mIlIVr,m.I-l.I-V.r
536,tembak,tem-bak,tembVk,t.e.m-b.V.k
537,pikiran,pi-kir-an,pIkIrVn,p.I-k.I.r-V.n
538,ulang,u-lang,UlVN,U-l.V.N
539,terbuka,ter-bu-ka,t@rbUkV,t.@.r-b.U-k.V
540,iya,i-ya,IjV,I-j.V
541,membuka,mem-bu-ka,m@mbUkV,m.@.m-b.U-k.V
542,uh,uh,Uh,U.h
543,kiri,ki-ri,kIrI,k.I-r.I
544,janji,jan-ji,dZVndZI,dZ.V.n-dZ.I
545,harap,ha-rap,hVrVp,h.V-r.V.p
546,menulis,me-nu-lis,m@nUlIs,m.@-n.U-l.I.s
547,sang,sang,sVN,s.V.N
548,allah,allah,VlVh,V.l.V.h
549,burung,bu-rung,bUrUN,b.U-r.U.N
550,beruntung,ber-un-tung,b@rUntUN,b.@.r-U.n-t.U.N
551,bebas,be-bas,bebVs,b.e-b.V.s
552,kelompok,ke-lom-pok,k@lQmpQk,k.@-l.Q.m-p.Q.k
553,terkait,ter-ka-it,terkaIt,t.e.r-k.a-I.t
554,meskipun,mes-ki-pun,m@skIpUn,m.@.s-k.I-p.U.n
555,putih,pu-tih,pUtIh,p.U-t.I.h
556,nona,no-na,nQnV,n.Q-n.V
557,kunci,kun-ci,kUntSI,k.U.n-tS.I
558,siang,si-ang,sIVN,s.I-V.N
559,bahan,ba-han,bVhVn,b.V-h.V.n
560,proses,pro-ses,prQs@s,p.r.Q-s.@.s
561,laporan,la-po-ran,lVpQrVn,l.V-p.Q-r.V.n
562,langkah,lang-kah,lVNkVh,l.V.N-k.V.h
563,tingkat,ting-kat,tINkVt,t.I.N-k.V.t
564,milik,mi-lik,mIlIk,m.I-l.I.k
565,huh,huh,hUh,h.U.h
566,lagu,la-gu,lVgU,l.V-g.U
567,mimpi,mim-pi,mImpI,m.I.m-p.I
568,musik,mu-sik,mUsIk,m.U-s.I.k
569,benda,ben-da,b@ndV,b.@.n-d.V
570,bukti,buk-ti,bUktI,b.U.k-t.I
571,kenal,ke-nal,k@nVl,k.@-n.V.l
572,alam,a-lam,VlVm,V-l.V.m
573,memakai,me-ma-kai,m@mVkaI,m.@-m.V-k.aI
574,tau,tau,taU,t.a.U
575,wajah,wa-jah,wVdZVh,w.V-dZ.V.h
576,batu,ba-tu,bVtU,b.V-t.U
577,menangkap,me-nang-kap,m@nVNkVp,m.@-n.V.N-k.V.p
578,bantu,ban-tu,bVntU,b.V.n-t.U
579,sebanyak,se-ba-nyak,s@bVnYVk,s.@-b.V-nY.V.k
580,pindah,pin-dah,pIndVh,p.I.n-d.V.h
581,gambar,gam-bar,gVmbVr,g.V.m-b.V.r
582,semoga,se-mo-ga,s@mQgV,s.@-m.Q-g.V
583,bergabung,ber-ga-bung,b@rgVbUN,b.@.r-g.V-b.U.N
584,prajurit,pra-ju-rit,prVdZUrIt,p.r.V-dZ.U-r.I.t
585,manis,ma-nis,mVnIs,m.V-n.I.s
586,detik,de-tik,detIk,d.e-t.I.k
587,nilai,ni-lai,nIlaI,n.I-l.aI
588,sedang,se-dang,sedVN,s.e-d.V.N
589,kan,kan,kVn,k.V.n
590,adanya,a-da-nya,VdVnYV,V-d.V-nY.V
591,lokasi,lo-ka-si,lQkVsI,l.Q-k.V-s.I
592,tertawa,ter-ta-wa,t@rtVwV,t.@.r-t.V-w.V
593,asing,a-sing,VsIN,V-s.I.N
594,tujuan,tu-ju-an,tUdZUVn,t.U-dZ.U-V.n
595,maupun,ma-u-pun,maUpUn,m.a-U-p.U.n
596,sebab,se-bab,sebVb,s.e-b.V.b
597,tentara,ten-ta-ra,t@ntVrV,t.@.n-t.V-r.V
598,pribadi,pri-ba-di,prIbVdI,p.r.I-b.V-d.I
599,bercanda,ber-can-da,b@rtSVndV,b.@.r-tS.V.n-d.V
600,gedung,ge-dung,gedUN,g.e-d.U.N
601,setuju,se-tu-ju,s@tUdZU,s.@-t.U-dZ.U
602,hitam,hi-tam,hItVm,h.I-t.V.m
603,ternyata,ter-nya-ta,t@rnYVtV,t.@.r-nY.V-t.V
604,ketiga,ke-ti-ga,k@tIgV,k.@-t.I-g.V
605,jahat,ja-hat,dZVhVt,dZ.V-h.V.t
606,lantai,lan-tai,lVntaI,l.V.n-t.aI
607,budi,bu-di,bUdI,b.U-d.I
608,benci,ben-ci,b@ntSI,b.@.n-tS.I
609,putri,pu-tri,pUtrI,p.U-t.r.I
610,astaga,as-ta-ga,VstVgV,V.s-t.V-g.V
611,yaitu,ya-i-tu,jaItU,j.a-I-t.U
612,rakyat,rak-yat,rVkjVt,r.V.k-j.V.t
613,pembunuh,pem-bu-nuh,p@mbUnUh,p.@.m-b.U-n.U.h
614,usaha,u-sa-ha,UsVhV,U-s.V-h.V
615,alat,a-lat,VlVt,V-l.V.t
616,membangun,mem-ba-ngun,m@mbVNUn,m.@.m-b.V-N.U.n
617,emas,e-mas,emVs,e-m.V.s
618,terluka,ter-lu-ka,t@rlUkV,t.@.r-l.U-k.V
619,berani,be-ra-ni,b@rVnI,b.@-r.V-n.I
620,toko,to-ko,tQkQ,t.Q-k.Q
621,bentuk,ben-tuk,b@ntUk,b.@.n-t.U.k
622,hadiah,ha-di-ah,hVdIVh,h.V-d.I-V.h
623,jumpa,jum-pa,dZUmpV,dZ.U.m-p.V
624,unit,u-nit,UnIt,U-n.I.t
625,gagal,ga-gal,gVgVl,g.V-g.V.l
626,kadang,ka-dang,kVdVN,k.V-d.V.N
627,maju,ma-ju,mVdZU,m.V-dZ.U
628,pakai,pa-kai,pVkaI,p.V-k.aI
629,binatang,bi-na-tang,bInVtVN,b.I-n.V-t.V.N
630,menangis,me-na-ngis,m@nVNIs,m.@-n.V-N.I.s
631,sebelah,se-be-lah,s@belVh,s.@-b.e-l.V.h
632,badan,ba-dan,bVdVn,b.V-d.V.n
633,pohon,po-hon,pQhQn,p.Q-h.Q.n
634,tujuh,tu-juh,tUdZUh,t.U-dZ.U.h
635,betapa,be-ta-pa,b@tVpV,b.@-t.V-p.V
636,meski,mes-ki,meskI,m.e.s-k.I
637,mencuri,men-cu-ri,m@ntSUrI,m.@.n-tS.U-r.I
638,bunga,bu-nga,bUNV,b.U-N.V
639,agen,a-gen,Vg@n,V-g.@.n
640,data,da-ta,dVtV,d.V-t.V
641,es,es,@s,@.s
642,tanya,ta-nya,tVnYV,t.V-nY.V
643,sub,sub,sUb,s.U.b
644,hutan,hu-tan,hUtVn,h.U-t.V.n
645,obat,o-bat,QbVt,Q-b.V.t
646,cahaya,ca-ha-ya,tSVhVjV,tS.V-h.V-j.V
647,kartu,kar-tu,kVrtU,k.V.r-t.U
648,sejarah,se-ja-rah,s@dZVrVh,s.@-dZ.V-r.V.h
649,mulia,mu-li-a,mUlIV,m.U-l.I-V
650,politik,po-li-tik,pQlItIk,p.Q-l.I-t.I.k
651,main,ma-in,maIn,m.a-I.n
652,titik,ti-tik,tItIk,t.I-t.I.k
653,jenderal,jen-de-ral,dZ@nderVl,dZ.@.n-d.e-r.V.l
654,mengirim,me-ngi-rim,m@NIrIm,m.@-N.I-r.I.m
655,saling,sa-ling,sVlIN,s.V-l.I.N
656,aturan,a-tu-ran,VtUrVn,V-t.U.r-V.n
657,mantan,man-tan,mVntVn,m.V.n-t.V.n
658,hotel,ho-tel,hQt@l,h.Q-t.@.l
659,mengaku,meng-a-ku,m@NVkU,m.@.N-V-k.U
660,mengubah,meng-u-bah,m@NUbVh,m.@.N-U-b.V.h
661,musuh,mu-suh,mUsUh,m.U-s.U.h
662,karya,kar-ya,kVrjV,k.V.r-j.V
663,berjanji,ber-jan-ji,b@rdZVndZI,b.@.r-dZ.V.n-dZ.I
664,sampah,sam-pah,sVmpVh,s.V.m-p.V.h
665,paman,pa-man,pVmVn,p.V-m.V.n
666,jalur,ja-lur,dZVlUr,dZ.V-l.U.r
667,biaya,bi-a-ya,bIVjV,b.I-V-j.V
668,kuda,ku-da,kUdV,k.U-d.V
669,target,tar-get,tVrg@t,t.V.r-g.@.t
670,tersangka,ter-sang-ka,t@rsVNkV,t.@.r-s.V.N-k.V
671,berasal,ber-a-sal,b@rVsVl,b.@.r-V-s.V.l
672,kesini,ke-si-ni,k@sInI,k.@-s.I-n.I
673,foto,fo-to,fQtQ,f.Q-t.Q
674,pemimpin,pe-mim-pin,p@mImpIn,p.@-m.I.m-p.I.n
675,menonton,me-non-ton,m@nQntQn,m.@-n.Q.n-t.Q.n
676,maksud,mak-sud,mVksUd,m.V.k-s.U.d
677,sumber,sum-ber,sUmb@r,s.U.m-b.@.r
678,mandi,man-di,mVndI,m.V.n-d.I
679,neraka,ne-ra-ka,n@rVkV,n.@-r.V-k.V
680,bersih,ber-sih,bersIh,b.e.r-s.I.h
681,yakni,yak-ni,jVknI,j.V.k-n.I
682,panggil,pang-gil,pVNgIl,p.V.N-g.I.l
683,nyonya,nyo-nya,nYQnYV,nY.Q-nY.V
684,menyerang,me-nye-rang,m@nYerVN,m.@-nY.e-r.V.N
685,hujan,hu-jan,hUdZVn,h.U-dZ.V.n
686,kalah,ka-lah,kVlVh,k.V-l.V.h
687,pakaian,pa-kai-an,pVkaI_Vn,p.V-k.aI-_V.n
688,sungai,su-ngai,sUNaI,s.U-N.aI
689,pantai,pan-tai,pVntaI,p.V.n-t.aI
690,daging,da-ging,dVgIN,d.V-g.I.N
691,tindakan,tin-dak-an,tIndVkVn,t.I.n-d.V.k-V.n
692,makhluk,makh-luk,mVhlUk,m.V.h-l.U.k
693,panggilan,pang-gil-an,pVNgIlVn,p.V.N-g.I.l-V.n
694,pasangan,pa-sang-an,pVsVNVn,p.V-s.V.N-V.n
695,saham,sa-ham,sVhVm,s.V-h.V.m
696,lapangan,la-pang-an,lVpVNVn,l.V-p.V.N-V.n
697,harapan,ha-rap-an,hVrVpVn,h.V-r.V-p.V.n
698,lingkungan,ling-kung-an,lINkUNVn,l.I.N-k.U.N-V.n
699,bernama,ber-na-ma,b@rnVmV,b.@.r-n.V-m.V
700,ruangan,ru-ang-an,rUVNVn,r.U-V.N-V.n
701,akibat,a-ki-bat,VkIbVt,V-k.I-b.V.t
702,kamera,ka-me-ra,kVmerV,k.V-m.e-r.V
703,ahli,ah-li,VhlI,V.h-l.I
704,aksi,ak-si,VksI,V.k-s.I
705,proyek,pro-yek,prQj@k,p.r.Q-j.@.k
706,lupakan,lu-pa-kan,lUpVkVn,l.U-p.V-k.V.n
707,jiwa,ji-wa,dZIwV,dZ.I-w.V
708,tembakan,tem-bak-an,t@mbVkVn,t.@.m-b.V.k-V.n
709,terlibat,ter-li-bat,t@rlIbVt,t.@.r-l.I-b.V.t
710,bersalah,ber-sa-lah,b@rsVlVh,b.@.r-s.V-l.V.h
711,mencintai,men-cin-tai,m@ntSIntaI,m.@.n-tS.I.n-t.aI
712,memanggil,me-mang-gil,m@mVNgIl,m.@-m.V.N-g.I.l
713,kotak,ko-tak,kQtVk,k.Q-t.V.k
714,militer,mi-li-ter,mIlIt@r,m.I-l.I-t.@.r
715,tumbuh,tum-buh,tUmbUh,t.U.m-b.U.h
716,kulit,ku-lit,kUlIt,k.U-l.I.t
717,bangsa,bang-sa,bVNsV,b.V.N-s.V
718,pistol,pis-tol,pIstQl,p.I.s-t.Q.l
719,menutup,me-nu-tup,m@nUtUp,m.@-n.U-t.U.p
720,gubernur,gu-ber-nur,gUbernUr,g.U-b.e.r-n.U.r
721,menyerah,me-nye-rah,m@nYerVh,m.@-nY.e-r.V.h
722,sejauh,se-ja-uh,sedZaUh,s.e-dZ.a-U.h
723,mama,ma-ma,mVmV,m.V-m.V
724,produk,pro-duk,prQdUk,p.r.Q-d.U.k
725,lahir,la-hir,lVhIr,l.V-h.I.r
726,luka,lu-ka,lUkV,l.U-k.V
727,pekan,pe-kan,pekVn,p.e-k.V.n
728,jumat,jum-at,dZUmVt,dZ.U.m-V.t
729,tewas,te-was,tewVs,t.e-w.V.s
730,klub,klub,klUb,k.l.U.b
731,asal,a-sal,VsVl,V-s.V.l
732,truk,truk,trUk,t.r.U.k
733,wakil,wa-kil,wVkIl,w.V-k.I.l
734,berlangsung,ber-lang-sung,b@rlVNsUN,b.@.r-l.V.N-s.U.N
735,misi,mi-si,mIsI,m.I-s.I
736,catatan,ca-tat-an,tSVtVtVn,tS.V-t.V-t.V.n
737,jaga,ja-ga,dZVgV,dZ.V-g.V
738,senin,se-nin,senIn,s.e-n.I.n
739,menjual,men-ju-al,m@ndZUVl,m.@.n-dZ.U-V.l
740,pulau,pu-lau,pUlaU,p.U-l.a.U
741,berangkat,be-rang-kat,b@rVNkVt,b.@-r.V.N-k.V.t
742,minyak,mi-nyak,mInYVk,m.I-nY.V.k
743,sersan,ser-san,sersVn,s.e.r-s.V.n
744,industri,in-dus-tri,IndUstrI,I.n-d.U.s-t.r.I
745,bom,bom,bQm,b.Q.m
746,sibuk,si-buk,sIbUk,s.I-b.U.k
747,upaya,u-pa-ya,UpVjV,U-p.V-j.V
748,islam,is-lam,IslVm,I.s-l.V.m
749,sempat,sem-pat,sempVt,s.e.m-p.V.t
750,poin,po-in,pQIn,p.Q-I.n
751,mengganggu,meng-gang-gu,m@NgVNgU,m.@.N-g.V.N-g.U
752,pula,pu-la,pUlV,p.U-l.V
753,lanjut,lan-jut,lVndZUt,l.V.n-dZ.U.t
754,angin,a-ngin,VNIn,V-N.I.n
755,latihan,la-tih-an,lVtIhVn,l.V-t.I.h-V.n
756,sih,sih,sIh,s.I.h
757,kawasan,ka-wa-san,kVwVsVn,k.V-w.V-s.V.n
758,balik,ba-lik,bVlIk,b.V-l.I.k
759,macam,ma-cam,mVtSVm,m.V-tS.V.m
760,cocok,co-cok,tSQtSQk,tS.Q-tS.Q.k
761,meja,me-ja,medZV,m.e-dZ.V
762,memukul,me-mu-kul,m@mUkUl,m.@-m.U-k.U.l
763,berbohong,ber-bo-hong,b@rbQhQN,b.@.r-b.Q-h.Q.N
764,sadar,sa-dar,sVdVr,s.V-d.V.r
765,delapan,de-la-pan,d@lVpVn,d.@-l.V-p.V.n
766,kopi,ko-pi,kQpI,k.Q-p.I
767,akal,a-kal,VkVl,V-k.V.l
768,gelap,ge-lap,gelVp,g.e-l.V.p
769,master,mas-ter,mVst@r,m.V.s-t.@.r
770,garis,ga-ris,gVrIs,g.V-r.I.s
771,menolak,me-no-lak,m@nQlVk,m.@-n.Q-l.V.k
772,listrik,lis-trik,lIstrIk,l.I.s-t.r.I.k
773,calon,ca-lon,tSVlQn,tS.V-l.Q.n
774,penjaga,pen-ja-ga,p@ndZVgV,p.@.n-dZ.V-g.V
775,bos,bos,bQs,b.Q.s
776,mulut,mu-lut,mUlUt,m.U-l.U.t
777,meter,me-ter,met@r,m.e-t.@.r
778,rabu,ra-bu,rVbU,r.V-b.U
779,daya,da-ya,dVjV,d.V-j.V
780,tanggal,tang-gal,tVNgVl,t.V.N-g.V.l
781,lubang,lu-bang,lUbVN,l.U-b.V.N
782,pahlawan,pah-la-wan,pVhlVwVn,p.V.h-l.V-w.V.n
783,tarik,ta-rik,tVrIk,t.V-r.I.k
784,enak,e-nak,@nVk,@-n.V.k
785,gigi,gi-gi,gIgI,g.I-g.I
786,menyukai,me-nyu-kai,m@nYUkaI,m.@-nY.U-k.aI
787,memimpin,me-mim-pin,m@mImpIn,m.@-m.I.m-p.I.n
788,bidang,bi-dang,bIdVN,b.I-d.V.N
789,gereja,ge-re-ja,g@redZV,g.@-r.e-dZ.V
790,bau,bau,baU,b.aU
791,sepuluh,se-pu-luh,s@pUlUh,s.@-p.U-l.U.h
792,tenaga,te-na-ga,t@nVgV,t.@-n.V-g.V
793,kotoran,ko-to-ran,kQtQrVn,k.Q-t.Q-r.V.n
794,rambut,ram-but,rVmbUt,r.V.m-b.U.t
795,angka,ang-ka,VNkV,V.N-k.V
796,tertarik,ter-ta-rik,t@rtVrIk,t.@.r-t.V-r.I.k
797,daftar,daf-tar,dVftVr,d.V.f-t.V.r
798,lapar,la-par,lVpVr,l.V-p.V.r
799,jujur,ju-jur,dZUdZUr,dZ.U-dZ.U.r
800,mendukung,men-du-kung,m@ndUkUN,m.@.n-d.U-k.U.N
801,selasa,se-la-sa,s@lVsV,s.@-l.V-s.V
802,dewasa,de-wa-sa,d@wVsV,d.@-w.V-s.V
803,rendah,ren-dah,rendVh,r.e.n-d.V.h
804,mengingat,meng-i-ngat,m@NINVt,m.@.N-I-N.V.t
805,natal,na-tal,nVtVl,n.V-t.V.l
806,periksa,pe-rik-sa,p@rIksV,p.@-r.I.k-s.V
807,gunung,gu-nung,gUnUN,g.U-n.U.N
808,begini,be-gi-ni,b@gInI,b.@-g.I-n.I
809,resmi,res-mi,resmI,r.e.s-m.I
810,lni,i-ni,lnI,l-n.I
811,lampu,lam-pu,lVmpU,l.V.m-p.U
812,letnan,let-nan,letnVn,l.e.t-n.V.n
813,korupsi,ko-rup-si,kQrUpsI,k.Q-r.U.p-s.I
814,pelatih,pe-la-tih,p@lVtIh,p.@-l.V-t.I.h
815,paham,pa-ham,pVhVm,p.V-h.V.m
816,penyakit,pe-nya-kit,p@nYVkIt,p.@-nY.V-k.I.t
817,siswa,sis-wa,sIswV,s.I.s-w.V
818,suami,su-a-mi,sUVmI,s.U-V-m.I
819,energi,e-ner-gi,@nergI,@-n.e.r-g.I
820,sepatu,se-pa-tu,s@pVtU,s.@-p.V-t.U
821,otak,o-tak,QtVk,Q-t.V.k
822,normal,nor-mal,nQrmVl,n.Q.r-m.V.l
823,rusak,ru-sak,rUsVk,r.U-s.V.k
824,dewan,de-wan,dewVn,d.e-w.V.n
825,komputer,kom-pu-ter,kQmpUt@r,k.Q.m-p.U-t.@.r
826,kamis,ka-mis,kVmIs,k.V-m.I.s
827,angkat,ang-kat,VNkVt,V.N-k.V.t
828,gol,gol,gQl,g.Q.l
829,kakak,ka-kak,kVkVk,k.V-k.V.k
830,radio,ra-dio,rVdIQ,r.V-d.I.Q
831,mohon,mo-hon,mQhQn,m.Q-h.Q.n
832,direktur,di-rek-tur,dIrektUr,d.I-r.e.k-t.U.r
833,komisi,ko-mi-si,kQmIsI,k.Q-m.I-s.I
834,lelaki,le-la-ki,l@lVkI,l.@-l.V-k.I
835,serikat,se-ri-kat,s@rIkVt,s.@-r.I-k.V.t
836,kaya,ka-ya,kVjV,k.V-j.V
837,jawaban,ja-wab-an,dZVwVbVn,dZ.V-w.V.b-V.n
838,situ,si-tu,sItU,s.I-t.U
839,ayam,a-yam,VjVm,V-j.V.m
840,total,to-tal,tQtVl,t.Q-t.V.l
841,layak,la-yak,lVjVk,l.V-j.V.k
842,lembaga,lem-ba-ga,l@mbVgV,l.@.m-b.V-g.V
843,kursi,kur-si,kUrsI,k.U.r-s.I
844,triliun,tri-li-un,trIlIUn,t.r.I-l.I-U.n
845,nyaman,nya-man,nYVmVn,nY.V-m.V.n
846,bahaya,ba-ha-ya,bVhVjV,b.V-h.V-j.V
847,gerakan,ge-rak-an,g@rVkVn,g.@-r.V.k-V.n
848,tamu,ta-mu,tVmU,t.V-m.U
849,ilmu,il-mu,IlmU,I.l-m.U
850,terkenal,ter-ke-nal,t@rk@nVl,t.@.r-k.@-n.V.l
851,menjawab,men-ja-wab,m@ndZVwVb,m.@.n-dZ.V-w.V.b
852,bangga,bang-ga,bVNgV,b.V.N-g.V
853,jendela,jen-de-la,dZ@ndelV,dZ.@.n-d.e-l.V
854,peluru,pe-lu-ru,p@lUrU,p.@-l.U-r.U
855,pelaku,pe-la-ku,p@lVkU,p.@-l.V-k.U
856,pejabat,pe-ja-bat,p@dZVbVt,p.@-dZ.V-b.V.t
857,betul,be-tul,betUl,b.e-t.U.l
858,habis,ha-bis,hVbIs,h.V-b.I.s
859,pantas,pan-tas,pVntVs,p.V.n-t.V.s
860,hantu,han-tu,hVntU,h.V.n-t.U
861,langit,la-ngit,lVNIt,l.V-N.I.t
862,warna,war-na,wVrnV,w.V.r-n.V
863,padahal,pa-da-hal,pVdVhVl,p.V-d.V-h.V.l
864,juara,ju-a-ra,dZUVrV,dZ.U-V-r.V
865,sosial,so-si-al,sQsIVl,s.Q-s.I-V.l
866,medan,me-dan,medVn,m.e-d.V.n
867,motor,mo-tor,mQtQr,m.Q-t.Q.r
868,tas,tas,tVs,t.V.s
869,dinas,di-nas,dInVs,d.I-n.V.s
870,anggaran,ang-gar-an,VNgVrVn,V.N-g.V.r-V.n
871,mengejar,me-nge-jar,m@NedZVr,m.@-N.e-dZ.V.r
872,hakim,ha-kim,hVkIm,h.V-k.I.m
873,pacar,pa-car,pVtSVr,p.V-tS.V.r
874,hewan,he-wan,hewVn,h.e-w.V.n
875,sore,so-re,sQr@,s.Q-r.@
876,bakar,ba-kar,bVkVr,b.V-k.V.r
877,seni,se-ni,senI,s.e-n.I
878,stasiun,sta-si-un,stVsIUn,s.t.V-s.I-U.n
879,bermaksud,ber-mak-sud,b@rmVksUd,b.@.r-m.V.k-s.U.d
880,kucing,ku-cing,kUtSIN,k.U-tS.I.N
881,tersisa,ter-si-sa,t@rsIsV,t.@.r-s.I-s.V
882,berguna,ber-gu-na,b@rgUnV,b.@.r-g.U-n.V
883,mabuk,ma-buk,mVbUk,m.V-b.U.k
884,undang,un-dang,UndVN,U.n-d.V.N
885,tertentu,ter-ten-tu,t@rtentU,t.@.r-t.e.n-t.U
886,agama,a-ga-ma,VgVmV,V-g.V-m.V
887,awas,a-was,VwVs,V-w.V.s
888,provinsi,pro-vin-si,prQfInsI,p.r.Q-f.I.n-s.I
889,media,me-di-a,m@dIV,m.@-d.I-V
890,sehat,se-hat,sehVt,s.e-h.V.t
891,lahan,la-han,lVhVn,l.V-h.V.n
892,berlari,ber-la-ri,b@rlVrI,b.@.r-l.V-r.I
893,sisa,si-sa,sIsV,s.I-s.V
894,bangunan,ba-ngun-an,bVNUnVn,b.V-N.U.n-V.n
895,menghilang,meng-hi-lang,m@NhIlVN,m.@.N-h.I-l.V.N
896,perahu,pe-ra-hu,p@rVhU,p.@-r.V-h.U
897,mendorong,men-do-rong,m@ndQrQN,m.@.n-d.Q-r.Q.N
898,buangan,bu-ang-an,bUVNVn,b.U-V.N-V.n
899,tiap,ti-ap,tIVp,t.I-V.p
900,bus,bus,bUs,b.Us.
901,malu,ma-lu,mVlU,m.V-l.U
902,sektor,sek-tor,sektQr,s.e.k-t.Q.r
903,berharga,ber-har-ga,b@rhVrgV,b.@.r-h.V.r-g.V
904,tergantung,ter-gan-tung,t@rgVntUN,t.@.r-g.V.n-t.U.N
905,bandara,ban-da-ra,bVndVrV,b.V.n-d.V-r.V
906,publik,pub-lik,pUblIk,p.U.b-l.I.k
907,menyimpan,me-nyim-pan,m@nYImpVn,m.@-nY.I.m-p.V.n
908,bersumpah,ber-sum-pah,b@rsUmpVh,b.@.r-s.U.m-p.V.h
909,adil,a-dil,VdIl,V-d.I.l
910,mengatur,meng-a-tur,m@NVtUr,m.@.N-V-t.U.r
911,paul,pa-ul,paUl,p.a-U.l
912,biru,bi-ru,bIrU,b.I-r.U
913,mirip,mi-rip,mIrIp,m.I-r.I.p
914,taman,ta-man,tVmVn,t.V-m.V.n
915,kotor,ko-tor,kQtQr,k.Q-t.Q.r
916,yahudi,ya-hu-di,jVhUdI,j.V-h.U-d.I
917,rapat,ra-pat,rVpVt,r.V-p.V.t
918,sukses,suk-ses,sUks@s,s.U.k-s.@.s
919,walaupun,wa-lau-pun,wVlaUpUn,w.V-l.a.U-p.U.n
920,usia,u-si-a,UsIV,U-s.I-V
921,lepas,le-pas,lepVs,l.e-p.V.s
922,puluh,pu-luh,pUlUh,p.U-l.U.h
923,kue,ku-e,kU@,k.U-@
924,memotong,me-mo-tong,m@mQtQN,m.@-m.Q-t.Q.N
925,minuman,mi-num-an,mInUmVn,m.I-n.U.m-V.n
926,urusan,u-rus-an,UrUsVn,U-r.U.s-V.n
927,dewa,de-wa,dewV,d.e-w.V
928,halaman,ha-la-man,hVlVmVn,h.V-l.V-m.V.n
929,lelah,le-lah,lelVh,l.e-l.V.h
930,memegang,me-me-gang,m@megVN,m.@-m.e-g.V.N
931,idiot,i-di-ot,IdIQt,I-d.I-Q.t
932,baju,ba-ju,bVdZU,b.V-dZ.U
933,jari,ja-ri,dZVrI,dZ.V-r.I
934,jaringan,ja-ri-ngan,dZVrINVn,dZ.V-r.I-N.V.n
935,berjuang,ber-ju-ang,b@rdZUVN,b.@.r-dZ.U-V.N
936,terdengar,ter-de-ngar,t@rdeNVr,t.@.r-d.e-N.V.r
937,bir,bir,bIr,b.I.r
938,sabtu,sab-tu,sVbtU,s.V.b-t.U
939,sebut,se-but,sebUt,s.e-b.U.t
940,wartawan,war-ta-wan,wVrtVwVn,w.V.r-t.V-w.V.n
941,produksi,pro-duk-si,prQdUksI,p.r.Q-d.U.k-s.I
942,rata,ra-ta,rVtV,r.V-t.V
943,menahan,me-na-han,m@nVhVn,m.@-n.V-h.V.n
944,jantung,jan-tung,dZVntUN,dZ.V.n-t.U.N
945,persis,per-sis,persIs,p.e.r-s.I.s
946,meningkat,me-ning-kat,m@nINkVt,m.@-n.I.N-k.V.t
947,dinding,din-ding,dIndIN,d.I.n-d.I.N
948,jarak,ja-rak,dZVrVk,dZ.V-r.V.k
949,buah,bu-ah,bUVh,b.U-V.h
950,saksi,sak-si,sVksI,s.V.k-s.I
951,penduduk,pen-du-duk,p@ndUdUk,p.@.n-d.U-d.U.k
952,sembilan,sem-bi-lan,s@mbIlVn,s.@.m-b.I-l.V.n
953,bohong,bo-hong,bQhQN,b.Q-h.Q.N
954,bertindak,ber-tin-dak,b@rtIndVk,b.@.r-t.I.n-d.V.k
955,telpon,tel-pon,t@lpQn,t.@.l-p.Q.n
956,izin,i-zin,IzIn,I-z.I.n
957,putra,put-ra,pUtrV,p.U.t-r.V
958,hijau,hi-jau,hIdZaU,h.I-dZ.a.U
959,lemah,le-mah,lemVh,l.e-m.V.h
960,kode,ko-de,kQd@,k.Q-d.@
961,terbakar,ter-ba-kar,t@rbVkVr,t.@.r-b.V-k.V.r
962,bertanggung,ber-tang-gung,b@rtVNgUN,b.@.r-t.V.N-g.U.N
963,liga,li-ga,lIgV,l.I-g.V
964,baca,ba-ca,bVtSV,b.V-tS.V
965,ratu,ra-tu,rVtU,r.V-t.U
966,bakal,ba-kal,bVkVl,b.V-k.V.l
967,pegang,pe-gang,pegVN,p.e-g.V.N
968,entah,en-tah,@ntVh,@.n-t.V.h
969,menari,me-na-ri,m@nVrI,m.@-n.V-r.I
970,papa,pa-pa,pVpV,p.V-p.V
971,lokal,lo-kal,lQkVl,l.Q-k.V.l
972,dukungan,du-kung-an,dUkUNVn,d.U-k.U.N-V.n
973,fokus,fo-kus,fQkUs,f.Q-k.U.s
974,agung,a-gung,VgUN,V-g.U.N
975,cina,ci-na,tSInV,tS.I-n.V
976,ganti,gan-ti,gVntI,g.V.n-t.I
977,tangkap,tang-kap,tVNkVp,t.V.N-k.V.p
978,memasuki,me-ma-suk-i,m@mVsUkI,m.@-m.V-s.U.k-I
979,pedang,pe-dang,pedVN,p.e-d.V.N
980,menyentuh,me-nyen-tuh,m@nYentUh,m.@-nY.e.n-t.U.h
981,tekanan,te-kan-an,t@kVnVn,t.@-k.V.n-V.n
982,merusak,me-ru-sak,m@rUsVk,m.@-r.U-s.V.k
983,wah,wah,wVh,w.V.h
984,kabur,ka-bur,kVbUr,k.V-b.U.r
985,miskin,mis-kin,mIskIn,m.I.s-k.I.n
986,tangga,tang-ga,tVNgV,t.V.N-g.V
987,ampun,am-pun,VmpUn,V.m-p.U.n
988,hancur,han-cur,hVntSUr,h.V.n-tS.U.r
989,tiket,ti-ket,tIk@t,t.I-k.@.t
990,terjebak,ter-je-bak,t@rdZebVk,t.@.r-dZ.e-b.V.k
991,video,vi-deo,fIdeQ,f.I-d.e.Q
992,detektif,de-tek-tif,d@tektIf,d.@-t.e.k-t.I.f
993,darurat,da-ru-rat,dVrUrVt,d.V-r.U-r.V.t
994,berikut,be-ri-kut,b@rIkUt,b.@-r.I-k.U.t
995,ribuan,ri-bu-an,rIbUVn,r.I-b.U-V.n
996,kirim,ki-rim,kIrIm,k.I-r.I.m
997,bencana,ben-ca-na,b@ntSVnV,b.@.n-tS.V-n.V
998,sobat,so-bat,sQbVt,s.Q-b.V.t
999,mayat,ma-yat,mVjVt,m.V-j.V.t
1000,luas,lu-as,lUVs,l.U-V.s
1001,penumpang,pe-num-pang,p@nUmpVN,p.@-n.U.m-p.V.N
1002,putus,pu-tus,pUtUs,p.U-t.U.s
1003,pisau,pi-sau,pIsaU,p.I-s.aU
1004,sapi,sa-pi,sVpI,s.V-p.I
1005,beli,be-li,belI,b.e-l.I
1006,pendapat,pen-da-pat,p@ndVpVt,p.@.n-d.V-p.V.t
1007,sedih,se-dih,sedIh,s.e-d.I.h
1008,menilai,me-ni-lai,m@nIlaI,m.@-n.I-l.a.I
1009,kolonel,ko-lo-nel,kQlQn@l,k.Q-l.Q-n.@.l
1010,batas,ba-tas,bVtVs,b.V-t.V.s
1011,mengira,me-ngi-ra,m@NIrV,m.@-N.I-r.V
1012,pajak,pa-jak,pVdZVk,p.V-dZ.V.k
1013,babak,ba-bak,bVbVk,b.V-b.V.k
1014,super,su-per,sUp@r,s.U-p.@.r
1015,berkembang,ber-kem-bang,b@rkembVN,b.@.r-k.e.m-b.V.N
1016,angkasa,ang-ka-sa,VNkVsV,V.N-k.V-s.V
1017,cincin,cin-cin,tSIntSIn,tS.I.n-tS.I.n
1018,tambahan,tam-bah-an,tVmbVhVn,t.V.m-b.V.h-V.n
1019,sambil,sam-bil,sVmbIl,s.V.m-b.I.l
1020,mengenal,me-nge-nal,m@NenVl,m.@-N.e-n.V.l
1021,semangat,se-ma-ngat,s@mVNVt,s.@-m.V-N.V.t
1022,melanggar,me-lang-gar,m@lVNgVr,m.@-l.V.N-g.V.r
1023,ancaman,an-cam-an,VntSVmVn,V.n-tS.V-m.V.n
1024,justru,jus-tru,dZUstrU,dZ.U.s-t.r.U
1025,berbuat,ber-bu-at,b@rbUVt,b.@.r-b.U-V.t
1026,nenek,ne-nek,nen@k,n.e-n.@.k
1027,berdarah,ber-da-rah,b@rdVrVh,b.@.r-d.V-r.V.h
1028,jembatan,jem-ba-tan,dZ@mbVtVn,dZ.@.m-b.V-t.V.n
1029,sehari,se-ha-ri,s@hVrI,s.@-h.V-r.I
1030,mendatang,men-da-tang,m@ndVtVN,m.@.n-d.V-t.V.N
1031,kertas,ker-tas,kertVs,k.e.r-t.V.s
1032,babi,ba-bi,bVbI,b.V-b.I
1033,supaya,su-pa-ya,sUpVjV,s.U-p.V-j.V
1034,peluang,pe-lu-ang,p@lUVN,p.@-l.U-V.N
1035,malah,ma-lah,mVlVh,m.V-l.V.h
1036,liar,li-ar,lIVr,l.I-V.r
1037,celana,ce-la-na,tS@lVnV,tS.@-l.V-n.V
1038,tikus,ti-kus,tIkUs,t.I-k.U.s
1039,ratusan,ra-tus-an,rVtUsVn,r.V-t.U.s-V.n
1040,mei,me-i,meI,m.e-I
1041,kakek,ka-kek,kVk@k,k.V-k.@.k
1042,arab,a-rab,VrVb,V-r.V.b
1043,setan,se-tan,setVn,s.e-t.V.n
1044,surga,sur-ga,sUrgV,s.U.r-g.V
1045,setempat,se-tem-pat,s@tempVt,s.@-t.e.m-p.V.t
1046,hadir,ha-dir,hVdIr,h.V-d.I.r
1047,badai,ba-dai,bVdaI,b.V-d.aI
1048,meraih,me-ra-ih,meraIh,m.e-r.a-I.h
1049,peserta,pe-ser-ta,p@sertV,p.@-s.e.r-t.V
1050,budaya,bu-da-ya,bUdVjV,b.U-d.V-j.V
1051,penjahat,pen-ja-hat,p@ndZVhVt,p.@.n-dZ.V-h.V.t
1052,pasien,pa-si-en,pVsIn,p.V-s.I.n
1053,kacau,ka-cau,kVtSaU,k.V-tS.aU
1054,tulang,tu-lang,tUlVN,t.U-l.V.N
1055,layanan,la-yan-an,lVjVnVn,l.V-j.V.n-V.n
1056,pekerja,pe-ker-ja,p@kerdZV,p.@-k.e.r-dZ.V
1057,tampil,tam-pil,tVmpIl,t.V.m-p.I.l
1058,bertarung,ber-ta-rung,b@rtVrUN,b.@.r-t.V-r.U.N
1059,peta,pe-ta,petV,p.e-t.V
1060,raksasa,rak-sa-sa,rVksVsV,r.V.k-s.V-s.V
1061,teroris,te-ro-ris,t@rQrIs,t.@-r.Q-r.I.s
1062,tanggung,tang-gung,tVNgUN,t.V.N-g.U.N
1063,ledakan,le-dak-an,l@dVkVn,l.@-d.V.k-V.n
1064,lintas,lin-tas,lIntVs,l.I.n-t.V.s
1065,apaan,a-pa-an,VpV_Vn,V-p.V-_V.n
1066,hukuman,hu-kum-an,hUkUmVn,h.U-k.U.m-V.n
1067,petani,pe-ta-ni,p@tVnI,p.@-t.V-n.I
1068,paus,pa-us,paUs,p.a-U.s
1069,sikap,si-kap,sIkVp,s.I-k.V.p
1070,berbagi,ber-ba-gi,b@rbVgI,b.@.r-b.V-g.I
1071,makin,ma-kin,mVkIn,m.V-k.I.n
1072,terdapat,ter-da-pat,t@rdVpVt,t.@.r-d.V-p.V.t
1073,tahanan,ta-han-an,tVhVnVn,t.V-h.V.n-V.n
1074,umat,u-mat,UmVt,U-m.V.t
1075,terang,te-rang,terVN,t.e-r.V.N
1076,menjalani,men-ja-lan-i,m@ndZVlVnI,m.@.n-dZ.V-l.V.n-I
1077,jelek,je-lek,dZel@k,dZ.e-l.@.k
1078,menyebut,me-nye-but,m@nYebUt,m.@-nY.e-b.U.t
1079,setahun,se-ta-hun,s@tVhUn,s.@-t.V-h.U.n
1080,berdoa,ber-do-a,b@rdQV,b.@.r-d.Q-V
1081,berenang,be-re-nang,b@renVN,b.@-r.e-n.V.N
1082,petunjuk,pe-tun-juk,p@tUndZUk,p.@-t.U.n-dZ.U.k
1083,juli,ju-li,dZUlI,dZ.U-l.I
1084,juni,ju-ni,dZUnI,dZ.U-n.I
1085,pura,pu-ra,pUrV,p.U-r.V
1086,telur,te-lur,t@lUr,t.@-l.U.r
1087,kejutan,ke-jut-an,k@dZUtVn,k.@-dZ.U.t-V.n
1088,kena,ke-na,k@nV,k.@-n.V
1089,sinyal,si-nyal,sInYVl,s.I-nY.V.l
1090,pemilik,pe-mi-lik,p@mIlIk,p.@-m.I-l.I.k
1091,tukang,tu-kang,tUkVN,t.U-k.V.N
1092,abad,a-bad,VbVd,V-b.V.d
1093,lawan,la-wan,lVwVn,l.V-w.V.n
1094,virus,vi-rus,fIrUs,f.I-r.U.s
1095,dad,dad,dVd,d.V.d
1096,minggir,ming-gir,mINgIr,m.I.N-g.I.r
1097,pangeran,pa-nge-ran,pVNerVn,p.V-N.e-r.V.n
1098,lolos,lo-los,lQlQs,l.Q-l.Q.s
1099,paris,pa-ris,pVrIs,p.V-r.I.s
1100,sudut,su-dut,sUdUt,s.U-d.U.t
1101,membuang,mem-bu-ang,m@mbUVN,m.@.m-b.U-V.N
1102,parah,pa-rah,pVrVh,p.V-r.V.h
1103,gratis,gra-tis,grVtIs,g.r.V-t.I.s
1104,bapak,ba-pak,bVpVk,b.V-p.V.k
1105,ukuran,u-kur-an,UkUrVn,U-k.U.r-V.n
1106,tes,tes,tes,t.e.s
1107,bar,bar,bVr,b.V.r
1108,sulut,su-lut,sUlUt,s.U-l.U.t
1109,asli,as-li,VslI,V.s-l.I
1110,melompat,me-lom-pat,m@lQmpVt,m.@-l.Q.m-p.V.t
1111,suci,su-ci,sUtSI,s.U-tS.I
1112,kendali,ken-da-li,k@ndVlI,k.@.n-d.V-l.I
1113,kisah,ki-sah,kIsVh,k.I-s.V.h
1114,palsu,pal-su,pVlsU,p.V.l-s.U
1115,adik,a-dik,VdIk,V-d.I.k
1116,kayu,ka-yu,kVjU,k.V-j.U
1117,narkoba,nar-ko-ba,nVrkQbV,n.V.r-k.Q-b.V
1118,gerbang,ger-bang,gerbVN,g.e.r-b.V.N
1119,pimpinan,pim-pin-an,pImpInVn,p.I.m-p.I.n-V.n
1120,tanaman,ta-nam-an,tVnVmVn,t.V-n.V.m-V.n
1121,fakta,fak-ta,fVktV,f.V.k-t.V
1122,final,fi-nal,fInVl,f.I-n.V.l
1123,merokok,me-ro-kok,m@rQkQk,m.@-r.Q-k.Q.k
1124,santai,san-tai,sVntaI,s.V.n-t.a.I
1125,peran,pe-ran,perVn,p.e-r.V.n
1126,sepeda,se-pe-da,s@pedV,s.@-p.e-d.V
1127,bupati,bu-pa-ti,bUpVtI,b.U-p.V-t.I
1128,angkatan,ang-kat-an,VNkVtVn,V.N-k.V.t-V.n
1129,terserah,ter-se-rah,t@rserVh,t.@.r-s.e-r.V.h
1130,damai,da-mai,dVmaI,d.V-m.aI
1131,sayangnya,sa-yang-nya,sVjVNnYV,s.V-j.V.N-nY.V
1132,dah,dah,dVh,d.V.h
1133,menaruh,me-na-ruh,m@nVrUh,m.@-n.V-r.U.h
1134,berlaku,ber-la-ku,b@rlVkU,b.@.r-l.V-k.U
1135,semalam,se-ma-lam,s@mVlVm,s.@-m.V-l.V.m
1136,sel,sel,sel,s.e.l
1137,raya,ra-ya,rVjV,r.V-j.V
1138,alih,a-lih,VlIh,V-lI..h
1139,masukkan,ma-suk-kan,mVsUkkVn,m.V-s.U.k-k.V.n
1140,ketemu,ke-te-mu,k@temU,k.@-t.e-m.U
1141,kredit,kre-dit,kredIt,k.r.e-d.I.t
1142,positif,po-si-tif,pQsItIf,p.Q-s.I-t.I.f
1143,memakan,me-ma-kan,m@mVkVn,m.@-m.V-k.V.n
1144,pos,pos,pQs,p.Q.s
1145,piala,pi-a-la,pIVlV,p.I-V-l.V
1146,sahabat,sa-ha-bat,sVhVbVt,s.V-h.V-b.V.t
1147,desember,de-sem-ber,d@semb@r,d.@-s.e.m-b.@.r
1148,terasa,te-ra-sa,t@rVsV,t.@-r.V-s.V
1149,pilih,pi-lih,pIlIh,p.I-l.I.h
1150,hangat,ha-ngat,hVNVt,h.V-N.V.t
1151,mencium,men-ci-um,m@ntSIUm,m.@.n-tS.I-U.m
1152,teh,teh,teh,t.e.h
1153,ton,ton,tQn,t.Q.n
1154,pabrik,pab-rik,pVbrIk,p.V.b-r.I.k
1155,nuklir,nu-klir,nUklIr,n.U-k.l.I.r
1156,guna,gu-na,gUnV,g.U-n.V
1157,suku,su-ku,sUkU,s.U-k.U
1158,dahulu,da-hu-lu,dVhUlU,d.V-h.U-l.U
1159,lanjutkan,lan-jut-kan,lVndZUtkVn,l.V.n-dZ.U.t-k.V.n
1160,murah,mu-rah,mUrVh,m.U-r.V.h
1161,pendek,pen-dek,pend@k,p.e.n-d.@.k
1162,seksi,sek-si,seksI,s.e.k-s.I
1163,pemuda,pe-mu-da,p@mUdV,p.@-m.U-d.V
1164,cuaca,cu-a-ca,tSUVtSV,tS.U-V-tS.V
1165,isi,i-si,IsI,I-s.I
1166,dendam,den-dam,dendVm,d.e.n-d.V.m
1167,medis,me-dis,medIs,m.e-d.I.s
1168,samping,sam-ping,sVmpIN,s.V.m-p.I.N
1169,sejati,se-ja-ti,s@dZVtI,s.@-dZ.V-t.I
1170,bayar,ba-yar,bVjVr,b.V-j.V.r
1171,menjauh,men-ja-uh,mendZaUh,m.e.n-dZ.a-U.h
1172,mengangkat,meng-ang-kat,m@NVNkVt,m.@.N-V.N-k.V.t
1173,banjir,ban-jir,bVndZIr,b.V.n-dZ.I.r
1174,kasar,ka-sar,kVsVr,k.V-s.V.r
1175,suruh,su-ruh,sUrUh,s.U-r.U.h
1176,anggur,ang-gur,VNgUr,V.N-g.U.r
1177,atap,a-tap,VtVp,V-t.V.p
1178,global,glo-bal,glQbVl,g.l.Q-b.V.l
1179,lambat,lam-bat,lVmbVt,l.V.m-b.V.t
1180,model,mo-del,mQd@l,m.Q-d.@.l
1181,menganggap,meng-ang-gap,m@NVNgVp,m.@.N-V.N-g.V.p
1182,buru,bu-ru,bUrU,b.U-r.U
1183,nasib,na-sib,nVsIb,n.V-s.I.b
1184,krisis,kri-sis,krIsIs,k.r.I-s.I.s
1185,bersiap,ber-si-ap,b@rsIVp,b.@.r-s.I-V.p
1186,sengaja,se-nga-ja,s@NVdZV,s.@-N.V-dZ.V
1187,april,ap-ril,VprIl,V.p-r.I.l
1188,pasang,pa-sang,pVsVN,p.V-s.V.N
1189,membentuk,mem-ben-tuk,m@mb@ntUk,m.@.m-b.@.n-t.U.k
1190,sentuh,sen-tuh,sentUh,s.e.n-t.U.h
1191,oktober,ok-to-ber,QktQb@r,Q.k-t.Q-b.@.r
1192,simpan,sim-pan,sImpVn,s.I.m-p.V.n
1193,cerdas,cer-das,tSerdVs,tS.e.r-d.V.s
1194,ketat,ke-tat,ketVt,k.e-t.V.t
1195,buta,bu-ta,bUtV,b.U-t.V
1196,turut,tu-rut,tUrUt,t.U-r.U.t
1197,tokoh,to-koh,tQkQh,t.Q-k.Q.h
1198,pandangan,pan-dang-an,pVndVNVn,p.V.n-d.V.N-V.n
1199,beruang,be-ru-ang,b@rUVN,b.@-r.U-V.N
1200,malang,ma-lang,mVlVN,m.V-l.V.N
1201,area,a-re-a,VreV,V-r.e-V
1202,usai,u-sai,UsaI,U-s.aI
1203,mendarat,men-da-rat,m@ndVrVt,m.@.n-d.V-r.V.t
1204,kencan,ken-can,k@ntSVn,k.@.n-tS.V.n
1205,gaya,ga-ya,gVjV,g.V-j.V
1206,meledak,me-le-dak,m@ledVk,m.@-l.e-d.V.k
1207,kontrol,kon-trol,kQntrQl,k.Q.n-t.r.Q.l
1208,ujung,u-jung,UdZUN,U-dZ.U.N
1209,tahap,ta-hap,tVhVp,t.V-h.V.p
1210,tuanku,tu-an-ku,tUVnkU,t.U-V.n-k.U
1211,jejak,je-jak,dZedZVk,dZ.e-dZ.V.k
1212,komandan,ko-man-dan,kQmVndVn,k.Q-m.V.n-d.V.n
1213,kualitas,ku-a-li-tas,kUVlItVs,k.U-V-l.I-t.V.s
1214,pukulan,pu-kul-an,pUkUlVn,p.U-k.U.l-V.n
1215,rekan,re-kan,rekVn,r.e-k.V.n
1216,potong,po-tong,pQtQN,p.Q-t.Q.N
1217,sipil,si-pil,sIpIl,s.I-p.I.l
1218,laga,la-ga,lVgV,l.V-g.V
1219,pasir,pa-sir,pVsIr,p.V-s.I.r
1220,september,sep-tem-ber,s@ptemb@r,s.@.p-t.e.m-b.@.r
1221,kristus,kris-tus,krIstUs,k.r.I.s-t.U.s
1222,terkena,ter-ke-na,t@rk@nV,t.@.r-k.@-n.V
1223,ujian,u-ji-an,UdZIVn,U-dZ.I-V.n
1224,bersikap,ber-si-kap,b@rsIkVp,b.@.r-s.I-k.V.p
1225,got,got,gQt,g.Q.t
1226,bekas,be-kas,b@kVs,b.@-.kV.s
1227,menolong,me-no-long,m@nQlQN,m.@-n.Q-l.Q.N
1228,tenggelam,teng-ge-lam,t@NgelVm,t.@.N-g.e-l.V.m
1229,kok,kok,kQk,k.Q.k
1230,sebagai,se-ba-gai,s@bVgaI,s.@-b.V-g.aI
1231,mana,ma-na,mVnV,m.V-n.V
1232,mahal,ma-hal,mVhVl,m.V-h.V.l
1233,mengurus,meng-u-rus,m@NUrUs,m.@.N-U-r.U.s
1234,taruh,ta-ruh,tVrUh,t.V-r.U.h
1235,tertangkap,ter-tang-kap,t@rtVNkVp,t.@.r-t.V.N-k.V.p
1236,pelanggan,pe-lang-gan,p@lVNgVn,p.@-l.V.N-g.V.n
1237,terlebih,ter-le-bih,t@rlebIh,t.@.r-l.e-b.I.h
1238,sidang,si-dang,sIdVN,s.I-d.V.N
1239,belas,be-las,belVs,b.e-l.V.s
1240,rokok,ro-kok,rQkQk,r.Q-k.Q.k
1241,lulus,lu-lus,lUlUs,l.U-l.U.s
1242,pelan,pe-lan,pelVn,p.e-l.V.n
1243,lelucon,le-lu-con,l@lUtSQn,l.@-l.U-tS.Q.n
1244,pencuri,pen-cu-ri,p@ntSUrI,p.@.n-tSU.-r.I
1245,hormat,hor-mat,hQrmVt,h.Q.r-m.V.t
1246,roti,ro-ti,rQtI,r.Q-t.I
1247,alami,a-la-mi,VlVmI,V-l.V-m.I
1248,kuatir,ku-a-tir,kUVtIr,k.U-V-t.I.r
1249,kuliah,ku-li-ah,kUlIVh,k.U-l.I-V.h
1250,fisik,fi-sik,fIsIk,f.I-s.I.k
1251,tulis,tu-lis,tUlIs,t.U-l.I.s
1252,membakar,mem-ba-kar,m@mbVkVr,m.@.m-b.V-k.V.r
1253,rumahku,ru-mah-ku,rUmVhkU,r.U-m.V.h-k.U
1254,lurus,lu-rus,lUrUs,l.U-r.U.s
1255,kalangan,ka-la-ngan,kVlVNVn,k.V-l.V-N.V.n
1256,kontak,kon-tak,kQntVk,k.Q.n-t.V.k
1257,besi,be-si,besI,b.e-s.I
1258,lengkap,leng-kap,leNkVp,l.e.N-k.V.p
1259,taksi,tak-si,tVksI,t.V.k-s.I
1260,gula,gu-la,gUlV,g.U-l.V
1261,pasal,pa-sal,pVsVl,p.V-s.V.l
1262,terkejut,ter-ke-jut,t@rkedZUt,t.@.r-k.e-dZ.U.t
1263,bapa,ba-pa,bVpV,b.V-p.V
1264,tampan,tam-pan,tVmpVn,t.V.m-p.V.n
1265,berlatih,ber-la-tih,b@rlVtIh,b.@.r-l.V-t.I.h
1266,mengisi,meng-i-si,m@NIsI,m.@.N-I-s.I
1267,paket,pa-ket,pVk@t,p.V-k.@.t
1268,engkau,eng-kau,@NkaU,@.N-k.aU
1269,gelar,ge-lar,gelVr,g.e-l.V.r
1270,gempa,gem-pa,gempV,g.e.m-p.V
1271,segar,se-gar,segVr,s.e-g.V.r
1272,olah,o-lah,QlVh,Q-l.V.h
1273,umur,u-mur,UmUr,U-m.U.r
1274,situs,si-tus,sItUs,s.I-t.U.s
1275,contoh,con-toh,tSQntQh,tS.Q.n-t.Q.h
1276,topi,to-pi,tQpI,t.Q-p.I
1277,pers,pers,pers,p.e.r.s
1278,terpisah,ter-pi-sah,t@rpIsVh,t.@.r-p.I-s.V.h
1279,menambah,me-nam-bah,m@nVmbVh,m.@-n.V.m-b.V.h
1280,bangsat,bang-sat,bVNsVt,b.V.N-s.V.t
1281,nyawa,nya-wa,nYVwV,nY.V-w.V
1282,tambang,tam-bang,tVmbVN,t.V.m-b.V.N
1283,sasaran,sa-sa-ran,sVsVrVn,s.V-s.V-r.V.n
1284,november,no-vem-ber,nQfemb@r,n.Q-f.e.m-b.@.r
1285,cewek,ce-wek,tSew@k,tS.e-w.@.k
1286,mengajar,meng-a-jar,m@NVdZVr,m.@.N-V-dZ.V.r
1287,bertaruh,ber-ta-ruh,b@rtVrUh,b.@.r-t.V-.rU.h
1288,aktif,ak-tif,VktIf,V.k-t.I.f
1289,patah,pa-tah,pVtVh,p.V-t.V.h
1290,tongkat,tong-kat,tQNkVt,t.Q.N-k.V.t
1291,bermimpi,ber-mim-pi,b@rmImpI,b.@.r-m.I.m-p.I
1292,awak,a-wak,VwVk,V-w.V.k
1293,berputar,ber-pu-tar,b@rpUtVr,b.@.r-p.U-t.V.r
1294,modal,mo-dal,mQdVl,m.Q-d.V.l
1295,cek,cek,tSek,tS.e.k
1296,harta,har-ta,hVrtV,h.V.r-t.V
1297,sihir,si-hir,sIhIr,s.I-h.I.r
1298,hamil,ha-mil,hVmIl,h.V-m.I.l
1299,susu,su-su,sUsU,s.U-s.U
1300,berperang,ber-pe-rang,b@rperVN,b.@.r-p.e-r.V.N
1301,yunani,yu-na-ni,jUnVnI,j.U-n.V-n.I
1302,massa,mas-sa,mVsV,m.V-s.V
1303,pantat,pan-tat,pVntVt,p.V.n-t.V.t
1304,penyebab,pe-nye-bab,p@nYebVb,p.@-nY.e-b.V.b
1305,muslim,mus-lim,mUslIm,m.U.s-l.I.m
1306,matikan,ma-ti-kan,mVtIkVn,m.V-t.I-k.V.n
1307,seumur,se-u-mur,s@UmUr,s.@-U-m.U.r
1308,sepak,se-pak,sepVk,s.e-p.V.k
1309,penonton,pe-non-ton,p@nQntQn,p.@-n.Q.n-t.Q.n
1310,cabang,ca-bang,tSVbVN,tS.V-b.V.N
1311,bali,ba-li,bVlI,b.V-l.I
1312,salam,sa-lam,sVlVm,s.V-l.V.m
1313,tertutup,ter-tu-tup,t@rtUtUp,t.@.r-t.U-t.U.p
1314,jalanan,ja-lan-an,dZVlVnVn,dZ.V-l.V.n-V.n
1315,mayor,ma-yor,mVjQr,m.V-j.Q.r
1316,danau,da-nau,dVnaU,d.V-n.aU
1317,menara,me-na-ra,m@nVrV,m.@-n.V-r.V
1318,pilot,pi-lot,pIlQt,p.I-l.Q.t
1319,robot,ro-bot,rQbQt,r.Q-b.Q.t
1320,singkat,sing-kat,sINkVt,s.I.N-k.V.t
1321,arti,ar-ti,VrtI,V.r-t.I
1322,agustus,a-gus-tus,VgUstUs,V-g.U.s-t.U.s
1323,teori,te-o-ri,t@QrI,t.@-Q-r.I
1324,solo,so-lo,sQlQ,s.Q-l.Q
1325,terkadang,ter-ka-dang,t@rkVdVN,t.@.r-k.V-d.V.N
1326,papan,pa-pan,pVpVn,p.V-p.V.n
1327,efek,e-fek,ef@k,e-f.@.k
1328,bingung,bi-ngung,bINUN,b.I-N.U.N
1329,muka,mu-ka,mUkV,m.U-k.V
1330,kejam,ke-jam,kedZVm,k.e-dZ.V.m
1331,atlet,at-let,Vtl@t,V.t-l.@.t
1332,beban,be-ban,bebVn,b.e-b.V.n
1333,saluran,sa-lu-ran,sVlUrVn,s.V-l.U-r.V.n
1334,mulutmu,mu-lut-mu,mUlUtmU,m.U-l.U.t-m.U
1335,istana,is-ta-na,IstVnV,I.s-t.V-n.V
1336,jadwal,jad-wal,dZVdwVl,dZ.V.d-w.V.l
1337,antar,an-tar,VntVr,V.n-t.V.r
1338,tali,ta-li,tVlI,t.V-l.I
1339,kaum,ka-um,kaUm,k.a-U.m
1340,kunjungan,kun-jung-an,kUndZUNVn,k.U.n-dZ.U.N-V.n
1341,internet,in-ter-net,Intern@t,I.n-t.e.r-n.@.t
1342,restoran,res-to-ran,r@stQrVn,r.@.s-t.Q-r.V.n
1343,menghormati,meng-hor-mati,m@NhQrmVtI,m.@.N-h.Q.r-m.V.t.I
1344,ringan,ri-ngan,rINVn,r.I-N.V.n
1345,lembut,lem-but,lembUt,l.e.m-b.U.t
1346,kebun,ke-bun,kebUn,k.e-b.U.n
1347,berumur,ber-u-mur,b@rUmUr,b.@.r-U-m.U.r
1348,jalang,ja-lang,dZVlVN,dZ.V-l.V.N
1349,berupa,be-ru-pa,b@rUpV,b.@-r.U-p.V
1350,tegas,te-gas,tegVs,t.e-g.V.s
1351,memaksa,me-mak-sa,m@mVksV,m.@-m.V.k-s.V
1352,berhak,ber-hak,berhVk,b.e.r-h.V.k
1353,kuno,ku-no,kUnQ,k.U-n.Q
1354,aduh,a-duh,VdUh,V-d.U.h
1355,penulis,pe-nu-lis,p@nUlIs,p.@-n.U-l.I.s
1356,rekaman,re-kam-an,r@kVmVn,r.@-k.V-m.V.n
1357,jasa,ja-sa,dZVsV,dZ.V-s.V
1358,kacang,ka-cang,kVtSVN,k.V-tS.V.N
1359,ilmuwan,il-mu-wan,IlmUwVn,I.l-m.U-w.V.n
1360,pola,po-la,pQlV,p.Q-l.V
1361,vampir,vam-pir,fVmpIr,f.V.m-p.I.r
1362,sinar,si-nar,sInVr,s.I-n.V.r
1363,pedagang,pe-da-gang,p@dVgVN,p.@-d.V-g.V.N
1364,tertinggi,ter-ting-gi,t@rtINgI,t.@.r-t.I.N-g.I
1365,cadangan,ca-dang-an,tSVdVNVn,tS.V-d.V.N-V.n
1366,gemuk,ge-muk,gemUk,g.e-m.U.k
1367,rumit,ru-mit,rUmIt,r.U-m.I.t
1368,basah,ba-sah,bVsVh,b.V-s.V.h
1369,mencetak,men-ce-tak,m@ntSetVk,m.@.n-tS.e-t.V.k
1370,dapur,da-pur,dVpUr,d.V-p.U.r
1371,jelaskan,je-las-kan,dZ@lVskVn,dZ.@-l.V.s-k.V.n
1372,madu,ma-du,mVdU,m.V-d.U
1373,akses,ak-ses,Vks@s,V.k-s.@.s
1374,solusi,so-lu-si,sQlUsI,s.Q-l.U-s.I
1375,alien,a-li-en,VlIn,V-l.I.n
1376,koran,ko-ran,kQrVn,k.Q-r.V.n
1377,walau,wa-lau,wVlaU,w.V-l.aU
1378,medali,me-da-li,m@dVlI,m.@-d.V-l.I
1379,botol,bo-tol,bQtQl,b.Q-t.Q.l
1380,tambah,tam-bah,tVmbVh,t.V.m-b.V.h
1381,jutaan,ju-ta-an,dZUtV_Vn,dZ.U-t.V-_V.n
1382,senapan,se-na-pan,s@nVpVn,s.@-n.V-p.V.n
1383,semesta,se-mes-ta,s@mestV,s.@-m.e.s-t.V
1384,tolol,to-lol,tQlQl,t.Q-l.Q.l
1385,menekan,me-ne-kan,m@nekVn,m.@-n.e-k.V.n
1386,kate,ka-te,kVt@,k.V-t.@
1387,dugaan,du-ga-an,dUgV_Vn,d.U-g.V-_V.n
1388,jaminan,ja-min-an,dZVmInVn,dZ.V-m.I.n-V.n
1389,asap,a-sap,VsVp,V-s.V.p
1390,manajer,ma-na-jer,mVnVdZ@r,m.V-n.V-dZ.@.r
1391,level,le-vel,lef@l,l.e-f.@.l
1392,panik,pa-nik,pVnIk,p.V-n.I.k
1393,rasakan,ra-sa-kan,rVsVkVn,r.V-s.V-k.V.n
1394,salju,sal-ju,sVldZU,s.V.l-dZ.U
1395,roda,ro-da,rQdV,r.Q-d.V
1396,bernyanyi,ber-nya-nyi,b@rnYVnYI,b.@.r-nY.V-nY.I
1397,maret,ma-ret,mVr@t,m.V-r.@.t
1398,status,sta-tus,stVtUs,s.t.V-t.U.s
1399,kaca,ka-ca,kVtSV,k.V-tS.V
1400,beres,be-res,ber@s,b.e-r.@.s
1401,kuning,ku-ning,kUnIN,k.U-n.I.N
1402,takdir,tak-dir,tVkdIr,t.V.k-d.I.r
1403,gangguan,gang-gu-an,gVNgUVn,g.V.N-g.U-V.n
1404,pengecut,pe-nge-cut,p@NetSUt,p.@-N.e-tS.Ut
1405,gelombang,ge-lom-bang,g@lQmbVN,g.@-l.Q.m-b.V.N
1406,ular,u-lar,UlVr,U-l.V.r
1407,keempat,ke-em-pat,k@_empVt,k.@-_.e.m-p.V.t
1408,gudang,gu-dang,gUdVN,g.U-d.V.N
1409,arus,a-rus,VrUs,V-r.U.s
1410,maria,ma-ria,mVrIV,m.V-r.I.V
1411,bocah,bo-cah,bQtSVh,b.Q-tS.V.h
1412,investor,in-ves-tor,InfestQr,I.n-f.e.s-t.Q.r
1413,berkumpul,ber-kum-pul,b@rkUmpUl,b.@.r-k.U.m-p.U.l
1414,putaran,pu-tar-an,pUtVrVn,p.U-t.V-r.V.n
1415,tombol,tom-bol,tQmbQl,t.Q.m-b.Q.l
1416,terpilih,ter-pi-lih,t@rpIlIh,t.@.r-p.I-l.I.h
1417,tekan,te-kan,tekVn,t.e-k.V.n
1418,perangkat,pe-rang-kat,p@rVNkVt,p.@-r.V.N-k.V.t
1419,dampak,dam-pak,dVmpVk,d.V.m-p.V.k
1420,kinerja,ki-ner-ja,kInerdZV,k.I-n.e.r-dZ.V
1421,lebah,le-bah,lebVh,l.e-b.V.h
1422,toilet,to-i-let,tQIl@t,t.Q-I-l.@.t
1423,liburan,li-bur-an,lIbUrVn,l.I-b.U.r-V.n
1424,berbalik,ber-ba-lik,b@rbVlIk,b.@.r-b.V-l.I.k
1425,murid,mu-rid,mUrId,m.U-r.I.d
1426,mencegah,men-ce-gah,m@ntSegVh,m.@.n-tS.e-g.V.h
1427,telanjang,te-lan-jang,t@lVndZVN,t.@-l.V.n-dZ.V.N
1428,berlalu,ber-la-lu,b@rlVlU,b.@.r-l.V-l.U
1429,lukisan,lu-kis-an,lUkIsVn,l.U-k.I.s-V.n
1430,mengajak,meng-a-jak,m@NVdZVk,m.@.N-V-dZ.V.k
1431,anggap,ang-gap,VNgVp,V.N-g.V.p
1432,menghitung,meng-hi-tung,m@NhItUN,m.@.N-h.I-t.U.N
1433,parkir,par-kir,pVrkIr,p.V.r-k.I.r
1434,faktor,fak-tor,fVktQr,f.V.k-t.Q.r
1435,menggali,meng-ga-li,m@NgVlI,m.@.N-g.V-l.I
1436,bibi,bi-bi,bIbI,b.I-b.I
1437,derajat,de-ra-jat,d@rVdZVt,d.@-r.V-dZ.V.t
1438,terbatas,ter-ba-tas,t@rbVtVs,t.@.r-b.V-t.V.s
1439,sarapan,sa-rap-an,sVrVpVn,s.V-r.V-p.V.n
1440,heran,he-ran,herVn,h.e-r.V.n
1441,rupiah,ru-pi-ah,rUpIVh,r.U-p.I-V.h
1442,debu,de-bu,debU,d.e-b.U
1443,mengundang,meng-un-dang,m@NUndVN,m.@.N-U.n-d.V.N
1444,zona,zo-na,zQnV,z.Q-n.V
1445,pemenang,pe-me-nang,p@menVN,p.@-m.e-n.V.N
1446,kering,ke-ring,kerIN,k.e-r.I.N
1447,alamat,a-la-mat,VlVmVt,V-l.V-m.V.t
1448,terkunci,ter-kun-ci,t@rkUntSI,t.@.r-k.U.n-tS.I
1449,beras,be-ras,berVs,b.e-r.V.s
1450,naga,na-ga,nVgV,n.V-g.V
1451,ragu,ra-gu,rVgU,r.V-g.U
1452,kampus,kam-pus,kVmpUs,k.V.m-p.U.s
1453,tersenyum,ter-se-nyum,t@rsenYUm,t.@.r-s.e-nY.U.m
1454,wisata,wi-sa-ta,wIsVtV,w.I-s.V-t.V
1455,nakal,na-kal,nVkVl,n.V-k.V.l
1456,profesor,pro-fe-sor,prQfesQr,p.r.Q-f.e-s.Q.r
1457,tetangga,te-tang-ga,t@tVNgV,t.@-t.V.N-g.V
1458,pelayan,pe-la-yan,p@lVjVn,p.@-l.V-j.V.n
1459,tata,ta-ta,tVtV,t.V-t.V
1460,terpaksa,ter-pak-sa,t@rpVksV,t.@.r-p.V.k-s.V
1461,padang,pa-dang,pVdVN,p.V-d.V.N
1462,sabar,sa-bar,sVbVr,s.V-b.V.r
1463,mitra,mi-tra,mItrV,m.I-t.r.V
1464,sia,si-a,sIV,s.I-V
1465,kolam,ko-lam,kQlVm,k.Q-l.V.m
1466,aja,a-ja,VdZV,V-dZ.V
1467,murni,mur-ni,mUrnI,m.U.r-n.I
1468,berfungsi,ber-fung-si,b@rfUNsI,b.@.r-f.U.N-s.I
1469,utang,u-tang,UtVN,U-t.V.N
1470,remaja,re-ma-ja,r@mVdZV,r.@-m.V-dZ.V
1471,berburu,ber-bu-ru,b@rbUrU,b.@.r-b.U-r.U
1472,syarat,sya-rat,CVrVt,C.V-r.V.t
1473,berbaring,ber-ba-ring,b@rbVrIN,b.@.r-b.V-r.I.N
1474,perut,pe-rut,perUt,p.e-r.U.t
1475,kecewa,ke-ce-wa,k@tSewV,k.@-tS.e-w.V
1476,tantangan,tan-tang-an,tVntVNVn,t.V.n-t.V.N-V.n
1477,kasihan,ka-sih-an,kVsIhVn,k.V-s.I.h-V.n
1478,tanyakan,ta-nya-kan,tVnYVkVn,t.V-nY.V-k.V.n
1479,pecundang,pe-cun-dang,p@tSUndVN,p.@-tS.U.n-d.V.N
1480,tipe,ti-pe,tIp@,t.I-p.@
1481,terdiri,ter-di-ri,t@rdIrI,t.@.r-d.I-r.I
1482,sayap,sa-yap,sVjVp,s.V-j.V.p
1483,karakter,ka-rak-ter,kVrVkt@r,k.V-r.V.k-t.@.r
1484,peringkat,pe-ring-kat,p@rINkVt,p.@-r.I.N-k.V.t
1485,jual,ju-al,dZUVl,dZ.U-V.l
1486,sopan,so-pan,sQpVn,s.Q-p.V.n
1487,cowok,co-wok,tSQwQk,tS.Q-w.Q.k
1488,kantong,kan-tong,kVntQN,k.V.n-t.Q.N
1489,ban,ban,bVn,b.V.n
1490,potongan,po-tong-an,pQtQNVn,p.Q-t.Q.N-V.n
1491,markas,mar-kas,mVrkVs,m.V.r-k.V.s
1492,dokumen,do-ku-men,dQkUm@n,d.Q-k.U-m.@.n
1493,bernafas,ber-na-fas,b@rnVfVs,b.@.r-n.V-f.V.s
1494,hendak,hen-dak,hendVk,h.e.n-d.V.k
1495,terbaru,ter-ba-ru,t@rbVrU,t.@.r-b.V-r.U
1496,puas,pu-as,pUVs,p.U-V.s
1497,pendeta,pen-de-ta,p@ndetV,p.@.n-d.e-t.V
1498,standar,stan-dar,stVndVr,s.t.V.n-d.V.r
1499,teknis,tek-nis,teknIs,t.e.k-n.I.s
1500,malaikat,ma-lai-kat,mVlaIkVt,m.V-l.a.I-k.V.t
1501,risiko,ri-si-ko,rIsIkQ,r.I-s.I-k.Q
1502,balapan,ba-lap-an,bVlVpVn,b.V-l.V.p-V.n
1503,berisi,ber-i-si,b@rIsI,b.@.r-I-s.I
1504,senilai,se-ni-lai,s@nIlaI,s.@-n.I-l.a.I
1505,balas,ba-las,bVlVs,b.V-l.V.s
1506,tebak,tebak,tebVk,t.e-b.V.k
1507,juru,ju-ru,dZUrU,dZ.U-r.U
1508,membahas,mem-ba-has,m@mbVhVs,m.@.m-b.V-h.V.s
1509,abu,a-bu,VbU,V-b.U
1510,budak,bu-dak,bUdVk,b.U-d.V.k
1511,membenci,mem-ben-ci,m@mb@ntSI,m.@.m-b.@.n-tS.I
1512,rindu,rin-du,rIndU,r.I.n-d.U
1513,gugup,gu-gup,gUgUp,g.U-g.U.p
1514,menjelang,men-je-lang,m@ndZelVN,m.@.n-dZ.e-l.V.N
1515,tercatat,ter-ca-tat,t@rtSVtVt,t.@.r-tS.V-t.V.t
1516,serigala,se-ri-ga-la,s@rIgVlV,s.@-r.I-g.V-l.V
1517,senior,se-ni-or,s@nIQr,s.@-n.I-Q.r
1518,isu,i-su,IsU,I-s.U
1519,bosan,bo-san,bQsVn,b.Q-s.V.n
1520,mendekat,men-de-kat,m@ndekVt,m.@.n-d.e-k.V.t
1521,bertugas,ber-tu-gas,b@rtUgVs,b.@.r-t.U-g.V.s
1522,negatif,ne-ga-tif,n@gVtIf,n.@-g.V-t.I.f
1523,darat,da-rat,dVrVt,d.V-r.V.t
1524,dosa,do-sa,dQsV,d.Q-s.V
1525,dini,di-ni,dInI,d.I-n.I
1526,tulisan,tu-lis-an,tUlIsVn,t.U-l.I.s-V.n
1527,pengurus,peng-u-rus,p@NUrUs,p.@.N-U-r.U.s
1528,bernapas,ber-na-pas,b@rnVpVs,b.@.r-n.V-p.V.s
1529,kru,kru,krU,k.r.U
1530,sekarat,se-ka-rat,s@kVrVt,s.@-k.V-r.V.t
1531,napas,na-pas,nVpVs,n.V-p.V.s
1532,roma,ro-ma,rQmV,r.Q-m.V
1533,tersesat,ter-se-sat,t@rsesVt,t.@.r-s.e-s.V.t
1534,tertidur,ter-ti-dur,t@rtIdUr,t.@.r-t.I-d.U.r
1535,lingkaran,ling-kar-an,lINkVrVn,l.I.N-k.V.r-V.n
1536,mainan,ma-in-an,maInVn,m.aI.n-V.n
1537,jaksa,jak-sa,dZVksV,dZ.V.k-s.V
1538,permen,per-men,perm@n,p.e.r-m.@.n
1539,usah,u-sah,UsVh,U-s.V.h
1540,awan,a-wan,VwVn,V-w.V.n
1541,harapkan,ha-rap-kan,hVrVpkVn,h.V-r.V.p-k.V.n
1542,sebulan,se-bu-lan,s@bUlVn,s.@-b.U-l.V.n
1543,puluhan,pu-luh-an,pUlUhVn,p.U-l.U.h-V.n
1544,secepat,se-ce-pat,s@tSepVt,s.@-tS.e-p.V.t
1545,gembira,gem-bi-ra,g@mbIrV,g.@.m-b.I-r.V
1546,aparat,a-pa-rat,VpVrVt,V-p.V-r.V.t
1547,ramah,ra-mah,rVmVh,r.V-m.V.h
1548,lengan,le-ngan,leNVn,l.e-N.V.n
1549,sifat,si-fat,sIfVt,s.I-f.V.t
1550,setia,se-ti-a,s@tIV,s.@-t.I-V
1551,tertembak,ter-tem-bak,t@rtembVk,t.@.r-t.e.m-b.V.k
1552,tajam,ta-jam,tVdZVm,t.V-dZ.V.m
1553,bukit,bu-kit,bUkIt,b.U-k.I.t
1554,tertulis,ter-tu-lis,t@rtUlIs,t.@.r-t.U-l.I.s
1555,impor,im-por,ImpQr,I.m-p.Q.r
1556,turnamen,tur-na-men,tUrnVm@n,t.U.r-n.V-m.@.n
1557,tiarap,ti-a-rap,tIVrVp,t.I-V-r.V.p
1558,susah,su-sah,sUsVh,s.U-s.V.h
1559,mengancam,meng-an-cam,m@NVntSVm,m.@.N-V.n-tS.V.m
1560,set,set,set,s.e.t
1561,lemari,le-ma-ri,l@mVrI,l.@-m.V-r.I
1562,membalas,mem-ba-las,m@mbVlVs,m.@.m-b.V-l.V.s
1563,gaji,ga-ji,gVdZI,g.V-dZ.I
1564,maksimal,mak-si-mal,mVksImVl,m.V.k-s.I-m.V.l
1565,karyawan,kar-ya-wan,kVrjVwVn,k.V.r-j.V-w.V.n
1566,teknik,tek-nik,teknIk,t.e.k-n.I.k
1567,stabil,sta-bil,stVbIl,s.t.V-b.I.l
1568,terbukti,ter-buk-ti,t@rbUktI,t.@.r-b.U.k-t.I
1569,menggelar,meng-ge-lar,m@NgelVr,m.@.N-g.e-l.V.r
1570,memasak,me-ma-sak,m@mVsVk,m.@-m.V-s.V.k
1571,peri,pe-ri,perI,p.e-r.I
1572,ekor,e-kor,ekQr,e-k.Q.r
1573,terkesan,ter-ke-san,t@rkesVn,t.@.r-k.e-s.V.n
1574,menyambut,me-nyam-but,m@nYVmbUt,m.@-nY.V.m-b.U.t
1575,beliau,be-li-au,b@lI_aU,b.@-l.I-_a.U
1576,komentar,ko-men-tar,kQmentVr,k.Q-m.e.n-t.V.r
1577,pengaruh,pe-nga-ruh,p@NVrUh,p.@-N.V-r.U.h
1578,seri,se-ri,serI,s.e-r.I
1579,menyusul,me-nyu-sul,m@nYUsUl,m.@-nY.U-s.U.l
1580,pangan,pa-ngan,pVNVn,p.V-N.V.n
1581,menuntut,me-nun-tut,m@nUntUt,m.@-n.U.n-t.U.t
1582,rute,ru-te,rUt@,r.U-t.@
1583,cermin,cer-min,tSermIn,tS.e.r-m.I.n
1584,daun,da-un,daUn,d.a-U.n
1585,terdakwa,ter-dak-wa,t@rdVkwV,t.@.r-d.V.k-w.V
1586,perkara,per-ka-ra,p@rkVrV,p.@.r-k.V-r.V
1587,layar,la-yar,lVjVr,l.V-j.V.r
1588,urutan,u-rut-an,UrUtVn,U-r.U.t-V.n
1589,laba,la-ba,lVbV,l.V-b.V
1590,nelayan,ne-la-yan,n@lVjVn,n.@-l.V-j.V.n
1591,kimia,ki-mia,kImIV,k.I-m.I.V
1592,efektif,e-fek-tif,@fektIf,@-f.e.k-t.I.f
1593,jarang,ja-rang,dZVrVN,dZ.V-r.V.N
1594,putar,pu-tar,pUtVr,p.U-t.V.r
1595,bangkit,bang-kit,bVNkIt,b.V.N-k.I.t
1596,pembohong,pem-bo-hong,p@mbQhQN,p.@.m-b.Q-h.Q.N
1597,spesial,spe-si-al,sp@sIVl,s.p.@-s.I-V.l
1598,ekspor,eks-por,@kspQr,@.k.s-p.Q.r
1599,peti,pe-ti,petI,p.e-t.I
1600,nafas,na-fas,nVfVs,n.V-f.V.s
1601,cenderung,cen-de-rung,tS@nderUN,tS.@.n-d.e-r.U.N
1602,mendesak,men-de-sak,m@ndesVk,m.@.n-d.e-s.V.k
1603,ganda,gan-da,gVndV,g.V.n-d.V
1604,kanker,kan-ker,kVnk@r,k.V.n-k.@.r
1605,suriah,su-ri-ah,sUrIVh,s.U-r.I-V.h
1606,fungsi,fung-si,fUNsI,f.U.N-s.I
1607,umpan,um-pan,UmpVn,U.m-p.V.n
1608,menembus,me-nem-bus,m@nembUs,m.@-n.e.m-b.U.s
1609,serang,se-rang,serVN,s.e-r.V.N
1610,dada,da-da,dVdV,d.V-d.V
1611,kenangan,ke-nang-an,k@nVNVn,k.@-n.V.N-V.n
1612,aktor,ak-tor,VktQr,V.k-t.Q.r
1613,suhu,su-hu,sUhU,s.U-h.U
1614,ilegal,i-le-gal,IlegVl,I-l.e-g.V.l
1615,rangka,rang-ka,rVNkV,r.V.N-k.V
1616,telinga,te-li-nga,t@lINV,t.@-l.I-N.V
1617,mencatat,men-ca-tat,m@ntSVtVt,m.@.n-tS.V-t.V.t
1618,berlayar,ber-la-yar,b@rlVjVr,b.@.r-l.V-j.V.r
1619,menyebar,me-nye-bar,m@nYebVr,m.@-nY.e-b.V.r
1620,terbangun,ter-ba-ngun,t@rbVNUn,t.@.r-b.V-N.U.n
1621,hidung,hi-dung,hIdUN,h.I-d.U.N
1622,campur,cam-pur,tSVmpUr,tS.V.m-p.U.r
1623,sopir,so-pir,sQpIr,s.Q-p.I.r
1624,melangkah,me-lang-kah,m@lVNkVh,m.@-l.V.N-k.V.h
1625,museum,mu-se-um,mUseUm,m.U-s.e-U.m
1626,sembuh,sem-buh,sembUh,s.e.m-b.U.h
1627,terletak,ter-le-tak,t@rletVk,t.@.r-l.e-t.V.k
1628,pengguna,peng-gu-na,p@NgUnV,p.@.N-g.U-n.V
1629,ambilkan,am-bil-kan,VmbIlkVn,V.m-b.I.l-k.V.n
1630,dansa,dan-sa,dVnsV,d.V.n-s.V
1631,saran,sa-ran,sVrVn,s.V-r.V.n
1632,asisten,a-sis-ten,VsIst@n,V-s.I.s-t.@.n
1633,buatan,bu-at-an,bUVtVn,b.U-V-t.V.n
1634,piring,pi-ring,pIrIN,p.I-r.I.N
1635,leher,le-her,leh@r,l.e-h.@.r
1636,menatap,me-na-tap,m@nVtVp,m.@-n.V-t.V.p
1637,kampung,kam-pung,kVmpUN,k.V.m-p.U.N
1638,mewakili,me-wa-kili,m@wVkIlI,m.@-w.V-k.I-l.I
1639,payah,pa-yah,pVjVh,p.V-j.V.h
1640,mengganti,meng-gan-ti,m@NgVntI,m.@.N-g.V.n-t.I
1641,mesti,mes-ti,mestI,m.e.s-t.I
1642,tangki,tang-ki,tVNkI,t.V.N-k.I
1643,melempar,me-lem-par,m@lempVr,m.@-l.e.m-p.V.r
1644,pengunjung,pe-ngun-jung,p@NUndZUN,p.@-N.u.n-dZ.U.N
1645,sara,sa-ra,sVrV,s.V-r.V
1646,indeks,in-deks,Ind@ks,I.n-d.@.k.s
1647,gawang,ga-wang,gVwVN,g.V-w.V.N
1648,mengarah,meng-a-rah,m@NVrVh,m.@-N.V-r.V.h
1649,pop,pop,pQp,p.Q.p
1650,menyala,me-nya-la,m@nYVlV,m.@-nY.V-l.V
1651,menyuruh,me-nyu-ruh,m@nYUrUh,m.@-nY.U-r.U.h
1652,kampanye,kam-pa-nye,kVmpVnY@,k.V.m-p.V-nY.@
1653,perlahan,per-la-han,p@rlVhVn,p.@.r-l.V-h.V.n
1654,jenius,je-ni-us,dZ@nIUs,dZ.@-n.I-U.s
1655,sepotong,se-po-tong,s@pQtQN,s.@-p.Q-t.Q.N
1656,konsumen,kon-su-men,kQnsUm@n,k.Q.n-s.U-m.@.n
1657,menghapus,meng-ha-pus,m@NhVpUs,m.@.N-h.V-p.U.s
1658,seragam,se-ra-gam,s@rVgVm,s.@-r.V-g.V.m
1659,merebut,me-re-but,m@rebUt,m.@-r.e-b.U.t
1660,undangan,un-dang-an,UndVNVn,U.n-d.V-N.V.n
1661,komitmen,ko-mit-men,kQmItm@n,k.Q-m.I.t-m.@.n
1662,sandera,san-de-ra,sVnderV,s.V.n-d.e-r.V
1663,kabel,ka-bel,kVb@l,k.V-b.@.l
1664,prinsip,prin-sip,prInsIp,p.r.I.n-s.I.p
1665,divisi,di-vi-si,dIfIsI,d.I-f.I-s.I
1666,senyum,se-nyum,senYUm,s.e-nY.U.m
1667,ham,ham,hVm,h.V.m
1668,bayangan,ba-yang-an,bVjVNVn,b.V-j.V.N-V.n
1669,membela,mem-be-la,m@mbelV,m.@.m-b.e-l.V
1670,hitungan,hi-tung-an,hItUNVn,h.I-t.U.N-V.n
1671,ilmiah,il-mi-ah,IlmIVh,I.l-m.I-V.h
1672,wajar,wa-jar,wVdZVr,w.V-dZ.V.r
1673,giliran,gi-lir-an,gIlIrVn,g.I-l.I.r-V.n
1674,benteng,ben-teng,b@nteN,b.@.n-t.e.N
1675,studi,stu-di,stUdI,s.t.U-d.I
1676,konsep,kon-sep,kQns@p,k.Q.n-s.@.p
1677,anti,an-ti,VntI,V.n-t.I
1678,kekasih,ke-ka-sih,k@kVsIh,k.@-k.V-s.I.h
1679,alias,a-li-as,VlIVs,V-l.I-V.s
1680,gaun,ga-un,gaUn,g.a-U.n
1681,tepi,te-pi,tepI,t.e-p.I
1682,menyewa,me-nye-wa,m@nYewV,m.@-nY.e-w.V
1683,monyet,mo-nyet,mQnY@t,m.Q-nY.@.t
1684,kencing,ken-cing,k@ntSIN,k.@.n-tS.I.N
1685,majelis,ma-je-lis,mVdZelIs,m.V-dZ.e-l.I.s
1686,rekor,re-kor,rekQr,r.e-k.Q.r
1687,tuntutan,tun-tut-an,tUntUtVn,t.U.n-t.U.t-Vn
1688,doa,do-a,dQV,d.Q-V
1689,metode,me-to-de,m@tQd@,m.@-t.Q-d.@
1690,sembunyi,sem-bu-nyi,s@mbUnYI,s.@.m-b.U-nY.I
1691,berkat,ber-kat,berkVt,b.e.r-k.V.t
1692,pameran,pa-me-ran,pVmerVn,p.V-m.e-r.V.n
1693,aliran,a-lir-an,VlIrVn,V-l.I.r-V.n
1694,menjamin,men-ja-min,m@ndZVmIn,m.@.n-dZ.V-m.I.n
1695,waspada,was-pa-da,wVspVdV,w.V.s-p.V-d.V
1696,singkirkan,sing-kir-kan,sINkIrkVn,s.I.N-k.I.r-k.V.n
1697,libur,li-bur,lIbUr,l.I-b.U.r
1698,lebar,le-bar,lebVr,l.e-b.V.r
1699,pendukung,pen-du-kung,p@ndUkUN,p.@.n-d.U-k.U.N
1700,jangka,jang-ka,dZVNkV,dZ.V.N-k.V
1701,abadi,a-ba-di,VbVdI,V-b.V-d.I
1702,perbankan,per-bank-an,p@rbVnkVn,p.@.r-b.V.n.k-V.n
1703,memandang,me-man-dang,m@mVndVN,m.@-m.V.n-d.V.N
1704,banteng,ban-teng,bVnt@N,b.V.n-t.@.N
1705,nyaris,nya-ris,nYVrIs,nY.V-r.I.s
1706,pengawas,peng-a-was,p@NVwVs,p.@.N-V-w.V.s
1707,kelinci,ke-lin-ci,k@lIntSI,k.@-l.I.n-tS.I
1708,romantis,ro-man-tis,rQmVntIs,r.Q-m.V.n-t.I.s
1709,masjid,mas-jid,mVCId,m.V-C.I.d
1710,memesan,me-me-san,m@mesVn,m.@-m.e-s.V.n
1711,harian,ha-ri-an,hVrIVn,h.V-r.I-V.n
1712,unsur,un-sur,UnsUr,U.n-s.U.r
1713,jin,jin,dZIn,dZ.I.n
1714,panggung,pang-gung,pVNgUN,p.V.N-g.U.N
1715,mestinya,mes-ti-nya,m@stInYV,m.@.s-t.I-nY.V
1716,tuduhan,tu-duh-an,tUdUhVn,t.U-d.U.h-V.n
1717,tembok,tem-bok,tembQk,t.e.m-b.Q.k
1718,nonton,non-ton,nQntQn,n.Q.n-t.Q.n
1719,hancurkan,han-cur-kan,hVntSUrkVn,h.V.n-tS.U.r-k.V.n
1720,jaya,jaya,dZVjV,dZ.V-j.V
1721,mengalir,meng-a-lir,m@NVlIr,m.@.N-V-l.I.r
1722,pipa,pi-pa,pIpV,p.I-p.V
1723,pembuat,pem-bu-at,p@mbUVt,p.@.m-b.U-V.t
1724,pejuang,pe-ju-ang,p@dZUVN,p.@-dZ.U-V.N
1725,akrab,ak-rab,VkrVb,V.k-r.V.b
1726,cemas,ce-mas,tSemVs,tS.e-m.V.s
1727,tunai,tu-nai,tUnaI,t.U-n.a.I
1728,siaran,si-ar-an,sIVrVn,s.I-V.r-V.n
1729,kompi,kom-pi,kQmpI,k.Q.m-p.I
1730,pemburu,pem-bu-ru,p@mbUrU,p.@.m-b.U-r.U
1731,lumpur,lum-pur,lUmpUr,l.U.m-p.U.r
1732,bensin,ben-sin,b@nsIn,b.@.n-s.I.n
1733,adapun,a-da-pun,VdVpUn,V-d.V-p.U.n
1734,pengantin,pe-ngan-tin,p@NVntIn,p.@-N.V.n-t.I.n
1735,gendut,gen-dut,gendUt,g.e.n-d.U.t
1736,ayat,a-yat,VjVt,V-j.V.t
1737,bulu,bu-lu,bUlU,b.U-l.U
1738,boneka,bo-ne-ka,bQnekV,b.Q-n.e-k.V
1739,berwarna,ber-war-na,b@rwVrnV,b.@.r-w.V.r-n.V
1740,belanja,be-lan-ja,b@lVndZV,b.@-l.V.n-dZ.V
1741,terkutuk,ter-ku-tuk,t@rkUtUk,t.@.r-k.U-t.U.k
1742,kalimat,ka-li-mat,kVlImVt,k.V-l.I-m.V.t
1743,patung,pa-tung,pVtUN,p.V-t.U.N
1744,pas,pas,pVs,p.V.s
1745,racun,ra-cun,rVtSUn,r.V-tS.U.n
1746,menengah,me-ne-ngah,m@neNVh,m.@-n.e-N.V.h
1747,menurun,me-nu-run,m@nUrUn,m.@-n.U-r.U.n
1748,pandai,pan-dai,pVndaI,p.V.n-d.aI
1749,tenggara,teng-ga-ra,t@NgVrV,t.@.N-g.V-r.V
1750,bertempur,ber-tem-pur,b@rtempUr,b.@.r-t.e.m-p.U.r
1751,muntah,mun-tah,mUntVh,m.U.n-t.V.h
1752,gagasan,ga-gas-an,gVgVsVn,g.V-g.V-s.V.n
1753,moral,mo-ral,mQrVl,m.Q-r.V.l
1754,materi,ma-te-ri,mVterI,m.V-t.e-r.I
1755,keledai,ke-le-dai,k@ledaI,k.@-l.e-d.aI
1756,bercerita,ber-ce-ri-ta,b@rtS@rItV,b.@.r-tS.@-r.I-t.V
1757,zaman,za-man,zVmVn,z.V-m.V.n
1758,berlian,ber-li-an,b@rlIVn,b.@.r-l.I-V.n
1759,memasang,me-ma-sang,m@mVsVN,m.@-m.V-s.V.N
1760,pecah,pe-cah,petSVh,p.e-tS.V.h
1761,seribu,se-ri-bu,s@rIbU,s.@-r.I-b.U
1762,amin,a-min,VmIn,V-m.I.n
